movement_id,movement_datetime_utc,planned_datetime_utc,terminal_code,product_code,contract_id,movement_type,transport_mode,volume_cbm,movement_status,delay_hours,delay_reason,last_modified_utc
MOV0001,2026-06-04T10:00:00Z,2026-06-04T06:00:00Z,GHE,MGO,CON007,Inbound,Truck,6218.83,Planned,4,Berth congestion,2026-06-04T10:19:00Z
MOV0002,2026-06-07T14:00:00Z,2026-06-07T13:00:00Z,TER,DSL,CON012,Inbound,Vessel,934.44,Planned,1,Berth congestion,2026-06-07T15:42:00Z
MOV0003,2026-06-04T05:00:00Z,2026-06-03T17:00:00Z,AME,BDL,CON005,Outbound,Truck,7601.37,Planned,12,Customer nomination change,2026-06-04T06:14:00Z
MOV0004,2026-06-07T21:00:00Z,2026-06-07T15:00:00Z,GHE,MGO,CON007,TankTransfer,Pipeline,7963.62,Planned,6,Berth congestion,2026-06-07T21:36:00Z
MOV0005,2026-06-02T12:00:00Z,2026-06-02T08:00:00Z,ROT,ETH,CON008,Outbound,Barge,657.76,Completed,4,Berth congestion,2026-06-02T13:35:00Z
MOV0006,2026-06-05T21:00:00Z,2026-06-05T21:00:00Z,AME,BDL,CON002,TankTransfer,Vessel,7290.65,Completed,0,None,2026-06-05T21:40:00Z
MOV0007,2026-06-05T13:00:00Z,2026-06-05T13:00:00Z,HAM,METH,CON016,Blending,Barge,5925.14,Planned,0,None,2026-06-05T14:48:00Z
MOV0008,2026-06-05T01:00:00Z,2026-06-05T01:00:00Z,AME,DSL,CON014,Blending,Truck,1226.98,Planned,0,None,2026-06-05T01:57:00Z
MOV0009,2026-06-02T03:00:00Z,2026-06-02T03:00:00Z,TER,SAF,CON015,TankTransfer,Vessel,954.6,Completed,0,None,2026-06-02T03:29:00Z
MOV0010,2026-06-12T22:00:00Z,2026-06-12T10:00:00Z,GHE,MGO,CON007,Outbound,Truck,1551.37,Planned,12,Customer nomination change,2026-06-12T23:56:00Z
MOV0011,2026-06-10T10:00:00Z,2026-06-10T10:00:00Z,GHE,SAF,CON003,Inbound,Vessel,879.41,Completed,0,None,2026-06-10T10:26:00Z
MOV0012,2026-06-11T20:00:00Z,2026-06-11T08:00:00Z,AME,DSL,CON014,Blending,Vessel,2103.1,Completed,12,Inspection hold,2026-06-11T20:05:00Z
MOV0013,2026-06-07T03:00:00Z,2026-06-06T15:00:00Z,ROT,BDL,CON013,Blending,Barge,2639.37,Completed,12,Weather,2026-06-07T03:32:00Z
MOV0014,2026-06-13T08:00:00Z,2026-06-13T08:00:00Z,AME,BDL,CON002,Inbound,Vessel,6109.82,Planned,0,None,2026-06-13T09:09:00Z
MOV0015,2026-06-04T08:00:00Z,2026-06-04T08:00:00Z,AMW,SAF,CON017,Inbound,Barge,7705.84,Completed,0,None,2026-06-04T09:21:00Z
MOV0016,2026-06-06T06:00:00Z,2026-06-06T00:00:00Z,GHE,SAF,CON003,Outbound,Vessel,1399.15,Completed,6,Inspection hold,2026-06-06T07:29:00Z
MOV0017,2026-06-07T19:00:00Z,2026-06-07T17:00:00Z,AMW,SAF,CON017,TankTransfer,Barge,2031.94,Completed,2,Inspection hold,2026-06-07T19:21:00Z
MOV0018,2026-06-10T22:00:00Z,2026-06-10T18:00:00Z,GHE,METH,CON010,Inbound,Vessel,7467.64,Planned,4,Pump availability,2026-06-10T23:17:00Z
MOV0019,2026-06-02T14:00:00Z,2026-06-02T13:00:00Z,AMW,BDL,CON004,Outbound,Truck,4294.14,Completed,1,Customer nomination change,2026-06-02T14:52:00Z
MOV0020,2026-06-04T20:00:00Z,2026-06-04T08:00:00Z,GHE,METH,CON010,TankTransfer,Vessel,6753.09,Completed,12,Berth congestion,2026-06-04T21:57:00Z
MOV0021,2026-06-06T15:00:00Z,2026-06-06T15:00:00Z,AME,BDL,CON005,Outbound,Truck,7172.85,Completed,0,None,2026-06-06T16:22:00Z
MOV0022,2026-06-08T08:00:00Z,2026-06-08T07:00:00Z,GHE,MGO,CON007,TankTransfer,Pipeline,5656.23,Completed,1,Berth congestion,2026-06-08T08:16:00Z
MOV0023,2026-06-06T21:00:00Z,2026-06-06T21:00:00Z,AME,DSL,CON014,Outbound,Truck,526.59,Completed,0,None,2026-06-06T22:39:00Z
MOV0024,2026-06-13T00:00:00Z,2026-06-12T18:00:00Z,TER,SAF,CON015,Inbound,Vessel,4706.8,Completed,6,Pump availability,2026-06-13T00:09:00Z
MOV0025,2026-06-13T10:00:00Z,2026-06-13T10:00:00Z,TER,DSL,CON012,Inbound,Truck,3723.4,Completed,0,None,2026-06-13T12:00:00Z
MOV0026,2026-06-08T16:00:00Z,2026-06-08T15:00:00Z,AME,BDL,CON002,Inbound,Truck,5615.5,Planned,1,Pump availability,2026-06-08T17:40:00Z
MOV0027,2026-06-06T01:00:00Z,2026-06-06T01:00:00Z,AME,BDL,CON005,Outbound,Pipeline,7821.55,Completed,0,None,2026-06-06T01:27:00Z
MOV0028,2026-06-09T19:00:00Z,2026-06-09T18:00:00Z,HAM,MGO,CON011,Inbound,Pipeline,2501.04,Completed,1,Inspection hold,2026-06-09T19:33:00Z
MOV0029,2026-06-10T23:00:00Z,2026-06-10T19:00:00Z,GHE,MGO,CON007,Outbound,Barge,2788.93,Completed,4,Customer nomination change,2026-06-10T23:56:00Z
MOV0030,2026-06-06T22:00:00Z,2026-06-06T22:00:00Z,HAM,MGO,CON011,TankTransfer,Truck,7751.67,Planned,0,None,2026-06-06T23:31:00Z
MOV0031,2026-06-01T14:00:00Z,2026-06-01T14:00:00Z,HAM,MGO,CON011,TankTransfer,Barge,7077.79,Completed,0,None,2026-06-01T14:09:00Z
MOV0032,2026-06-13T23:00:00Z,2026-06-13T17:00:00Z,AMW,BDL,CON004,TankTransfer,Pipeline,3092.65,Completed,6,Inspection hold,2026-06-14T01:00:00Z
MOV0033,2026-06-06T10:00:00Z,2026-06-06T10:00:00Z,GHE,MGO,CON007,Inbound,Barge,5815.89,Completed,0,None,2026-06-06T11:00:00Z
MOV0034,2026-06-08T05:00:00Z,2026-06-08T01:00:00Z,GHE,SAF,CON003,Inbound,Truck,5475.41,Completed,4,Inspection hold,2026-06-08T05:46:00Z
MOV0035,2026-06-07T07:00:00Z,2026-06-07T07:00:00Z,ROT,BDL,CON013,Blending,Barge,1938.8,Completed,0,None,2026-06-07T07:56:00Z
MOV0036,2026-06-07T13:00:00Z,2026-06-07T11:00:00Z,ALG,ETH,CON001,TankTransfer,Pipeline,2076.37,Planned,2,Inspection hold,2026-06-07T14:31:00Z
MOV0037,2026-06-12T09:00:00Z,2026-06-11T21:00:00Z,GHE,MGO,CON007,Outbound,Vessel,6453.02,Completed,12,Pump availability,2026-06-12T10:29:00Z
MOV0038,2026-06-03T00:00:00Z,2026-06-02T23:00:00Z,HAM,MGO,CON011,Outbound,Barge,5545.97,Completed,1,Berth congestion,2026-06-03T00:10:00Z
MOV0039,2026-06-11T03:00:00Z,2026-06-11T03:00:00Z,ROT,ETH,CON008,Outbound,Pipeline,3915.62,Planned,0,None,2026-06-11T03:56:00Z
MOV0040,2026-06-04T03:00:00Z,2026-06-04T03:00:00Z,ROT,ETH,CON008,Inbound,Pipeline,7194.95,Completed,0,None,2026-06-04T03:27:00Z
MOV0041,2026-06-10T21:00:00Z,2026-06-10T21:00:00Z,AMW,SAF,CON017,Inbound,Pipeline,4680.54,Completed,0,None,2026-06-10T22:47:00Z
MOV0042,2026-06-12T11:00:00Z,2026-06-12T07:00:00Z,TER,SAF,CON015,Blending,Pipeline,7625.3,Planned,4,Customer nomination change,2026-06-12T12:40:00Z
MOV0043,2026-06-10T16:00:00Z,2026-06-10T14:00:00Z,HAM,METH,CON016,TankTransfer,Pipeline,6138.33,Completed,2,Weather,2026-06-10T17:01:00Z
MOV0044,2026-06-07T03:00:00Z,2026-06-07T02:00:00Z,GHE,SAF,CON003,TankTransfer,Vessel,2537.86,Completed,1,Customer nomination change,2026-06-07T03:34:00Z
MOV0045,2026-06-04T07:00:00Z,2026-06-04T06:00:00Z,ROT,BDL,CON013,Blending,Truck,981.72,Planned,1,Inspection hold,2026-06-04T07:12:00Z
MOV0046,2026-06-10T05:00:00Z,2026-06-09T23:00:00Z,GHE,MGO,CON007,Inbound,Pipeline,7286.29,Planned,6,Berth congestion,2026-06-10T05:50:00Z
MOV0047,2026-06-09T13:00:00Z,2026-06-09T07:00:00Z,GHE,METH,CON010,Outbound,Pipeline,4536.65,Completed,6,Weather,2026-06-09T14:00:00Z
MOV0048,2026-06-01T20:00:00Z,2026-06-01T14:00:00Z,HAM,METH,CON016,Blending,Barge,3020.97,Planned,6,Customer nomination change,2026-06-01T21:24:00Z
MOV0049,2026-06-09T09:00:00Z,2026-06-09T09:00:00Z,ALG,ETH,CON001,Blending,Barge,1129.61,Planned,0,None,2026-06-09T09:28:00Z
MOV0050,2026-06-06T19:00:00Z,2026-06-06T13:00:00Z,AME,BDL,CON002,Blending,Truck,2955.15,Completed,6,Inspection hold,2026-06-06T19:40:00Z
MOV0051,2026-06-06T09:00:00Z,2026-06-06T09:00:00Z,AME,DSL,CON014,Inbound,Truck,4027.3,Completed,0,None,2026-06-06T10:28:00Z
MOV0052,2026-06-14T21:00:00Z,2026-06-14T21:00:00Z,GHE,SAF,CON003,Outbound,Barge,6156.75,Completed,0,None,2026-06-14T22:24:00Z
MOV0053,2026-06-06T02:00:00Z,2026-06-06T02:00:00Z,AME,BDL,CON005,Inbound,Barge,4051.71,Planned,0,None,2026-06-06T03:34:00Z
MOV0054,2026-06-08T20:00:00Z,2026-06-08T20:00:00Z,AME,DSL,CON009,Inbound,Barge,5044.2,Completed,0,None,2026-06-08T20:18:00Z
MOV0055,2026-06-07T21:00:00Z,2026-06-07T15:00:00Z,ALG,ETH,CON001,Outbound,Vessel,3474.91,Completed,6,Berth congestion,2026-06-07T22:34:00Z
MOV0056,2026-06-13T19:00:00Z,2026-06-13T19:00:00Z,GHE,METH,CON010,Inbound,Truck,6471.7,Planned,0,None,2026-06-13T20:29:00Z
MOV0057,2026-06-02T15:00:00Z,2026-06-02T11:00:00Z,TER,DSL,CON012,Blending,Pipeline,594.89,Completed,4,Inspection hold,2026-06-02T15:51:00Z
MOV0058,2026-06-04T12:00:00Z,2026-06-04T06:00:00Z,TER,SAF,CON015,TankTransfer,Pipeline,1821.03,Planned,6,Inspection hold,2026-06-04T13:50:00Z
MOV0059,2026-06-07T22:00:00Z,2026-06-07T21:00:00Z,AME,DSL,CON009,Inbound,Truck,6730.48,Planned,1,Customer nomination change,2026-06-07T23:41:00Z
MOV0060,2026-06-13T09:00:00Z,2026-06-13T03:00:00Z,TER,SAF,CON015,Blending,Truck,3022.97,Completed,6,Inspection hold,2026-06-13T09:32:00Z
MOV0061,2026-06-06T16:00:00Z,2026-06-06T12:00:00Z,TER,DSL,CON012,TankTransfer,Vessel,2597.44,Completed,4,Berth congestion,2026-06-06T16:35:00Z
MOV0062,2026-06-11T11:00:00Z,2026-06-11T10:00:00Z,AME,DSL,CON014,Blending,Pipeline,5679.57,Completed,1,Berth congestion,2026-06-11T11:42:00Z
MOV0063,2026-06-09T16:00:00Z,2026-06-09T15:00:00Z,ROT,ETH,CON008,TankTransfer,Pipeline,2796.55,Completed,1,Inspection hold,2026-06-09T17:40:00Z
MOV0064,2026-06-09T00:00:00Z,2026-06-08T12:00:00Z,HAM,MGO,CON011,TankTransfer,Barge,2531.87,Completed,12,Customer nomination change,2026-06-09T00:45:00Z
MOV0065,2026-06-12T10:00:00Z,2026-06-12T10:00:00Z,AMW,BDL,CON004,Blending,Truck,1936.56,Completed,0,None,2026-06-12T10:17:00Z
MOV0066,2026-06-07T08:00:00Z,2026-06-07T07:00:00Z,GHE,MGO,CON007,TankTransfer,Vessel,3206.61,Completed,1,Weather,2026-06-07T08:10:00Z
MOV0067,2026-06-12T21:00:00Z,2026-06-12T19:00:00Z,AME,BDL,CON002,Outbound,Pipeline,5730.63,Completed,2,Berth congestion,2026-06-12T22:18:00Z
MOV0068,2026-06-11T12:00:00Z,2026-06-11T00:00:00Z,GHE,METH,CON010,Outbound,Vessel,3803.52,Completed,12,Inspection hold,2026-06-11T12:19:00Z
MOV0069,2026-06-10T01:00:00Z,2026-06-09T13:00:00Z,GHE,SAF,CON003,Inbound,Barge,1055.62,Completed,12,Pump availability,2026-06-10T01:43:00Z
MOV0070,2026-06-06T07:00:00Z,2026-06-06T07:00:00Z,GHE,SAF,CON003,Blending,Barge,4685.55,Planned,0,None,2026-06-06T08:02:00Z
MOV0071,2026-06-07T14:00:00Z,2026-06-07T08:00:00Z,TER,SAF,CON015,Inbound,Vessel,2790.35,Completed,6,Customer nomination change,2026-06-07T14:38:00Z
MOV0072,2026-06-04T09:00:00Z,2026-06-04T08:00:00Z,GHE,SAF,CON003,Inbound,Barge,1803.6,Completed,1,Inspection hold,2026-06-04T10:02:00Z
MOV0073,2026-06-07T05:00:00Z,2026-06-07T05:00:00Z,HAM,METH,CON016,TankTransfer,Pipeline,2236.07,Completed,0,None,2026-06-07T06:32:00Z
MOV0074,2026-06-06T16:00:00Z,2026-06-06T15:00:00Z,ROT,ETH,CON008,Outbound,Barge,3688.54,Completed,1,Customer nomination change,2026-06-06T16:14:00Z
MOV0075,2026-06-04T14:00:00Z,2026-06-04T12:00:00Z,AME,BDL,CON002,TankTransfer,Pipeline,4962.83,Completed,2,Inspection hold,2026-06-04T15:33:00Z
MOV0076,2026-06-09T16:00:00Z,2026-06-09T14:00:00Z,GHE,METH,CON010,Blending,Pipeline,4253.54,Completed,2,Pump availability,2026-06-09T16:10:00Z
MOV0077,2026-06-07T23:00:00Z,2026-06-07T21:00:00Z,AME,DSL,CON014,Outbound,Vessel,693.99,Completed,2,Pump availability,2026-06-07T23:10:00Z
MOV0078,2026-06-11T12:00:00Z,2026-06-11T00:00:00Z,AME,BDL,CON006,Outbound,Pipeline,7370.55,Planned,12,Berth congestion,2026-06-11T13:05:00Z
MOV0079,2026-06-09T21:00:00Z,2026-06-09T17:00:00Z,TER,DSL,CON012,Inbound,Barge,2907.94,Completed,4,Inspection hold,2026-06-09T22:33:00Z
MOV0080,2026-06-07T09:00:00Z,2026-06-07T03:00:00Z,HAM,METH,CON016,Inbound,Pipeline,6601.75,Completed,6,Weather,2026-06-07T09:37:00Z
MOV0081,2026-06-03T17:00:00Z,2026-06-03T11:00:00Z,HAM,MGO,CON011,Inbound,Pipeline,6986.83,Planned,6,Berth congestion,2026-06-03T17:29:00Z
MOV0082,2026-06-09T05:00:00Z,2026-06-08T17:00:00Z,AMW,SAF,CON017,Inbound,Barge,5190.57,Completed,12,Pump availability,2026-06-09T05:21:00Z
MOV0083,2026-06-10T20:00:00Z,2026-06-10T08:00:00Z,GHE,METH,CON010,Outbound,Barge,1410.7,Completed,12,Pump availability,2026-06-10T20:06:00Z
MOV0084,2026-06-03T00:00:00Z,2026-06-02T23:00:00Z,AME,DSL,CON014,Inbound,Pipeline,7941.93,Completed,1,Customer nomination change,2026-06-03T01:08:00Z
MOV0085,2026-06-11T22:00:00Z,2026-06-11T20:00:00Z,GHE,METH,CON010,Blending,Pipeline,3616.18,Completed,2,Inspection hold,2026-06-11T23:15:00Z
MOV0086,2026-06-09T05:00:00Z,2026-06-09T04:00:00Z,AME,BDL,CON005,Outbound,Vessel,7414.01,Completed,1,Inspection hold,2026-06-09T05:48:00Z
MOV0087,2026-06-06T16:00:00Z,2026-06-06T16:00:00Z,AMW,SAF,CON017,TankTransfer,Pipeline,2621.29,Completed,0,None,2026-06-06T17:02:00Z
MOV0088,2026-06-08T12:00:00Z,2026-06-08T08:00:00Z,HAM,METH,CON016,Blending,Pipeline,4639.38,Completed,4,Customer nomination change,2026-06-08T13:34:00Z
MOV0089,2026-06-13T10:00:00Z,2026-06-13T04:00:00Z,ROT,ETH,CON008,Blending,Vessel,2251.72,Completed,6,Inspection hold,2026-06-13T11:35:00Z
MOV0090,2026-06-09T05:00:00Z,2026-06-09T05:00:00Z,ROT,BDL,CON013,Inbound,Barge,4214.96,Completed,0,None,2026-06-09T06:56:00Z
MOV0091,2026-06-10T09:00:00Z,2026-06-10T09:00:00Z,AMW,BDL,CON004,Blending,Vessel,4444.63,Completed,0,None,2026-06-10T09:57:00Z
MOV0092,2026-06-03T02:00:00Z,2026-06-02T14:00:00Z,AME,BDL,CON005,TankTransfer,Truck,6361.44,Planned,12,Berth congestion,2026-06-03T03:54:00Z
MOV0093,2026-06-12T15:00:00Z,2026-06-12T09:00:00Z,HAM,MGO,CON011,Blending,Vessel,7656.05,Completed,6,Customer nomination change,2026-06-12T16:25:00Z
MOV0094,2026-06-05T20:00:00Z,2026-06-05T20:00:00Z,GHE,METH,CON010,Inbound,Vessel,3754.79,Planned,0,None,2026-06-05T20:26:00Z
MOV0095,2026-06-01T14:00:00Z,2026-06-01T14:00:00Z,GHE,METH,CON010,Inbound,Truck,2932.81,Completed,0,None,2026-06-01T14:52:00Z
MOV0096,2026-06-04T03:00:00Z,2026-06-04T02:00:00Z,AME,DSL,CON014,Outbound,Barge,4483.75,Completed,1,Berth congestion,2026-06-04T04:23:00Z
MOV0097,2026-06-14T06:00:00Z,2026-06-14T05:00:00Z,ROT,BDL,CON013,Outbound,Barge,4232.5,Planned,1,Weather,2026-06-14T07:03:00Z
MOV0098,2026-06-01T16:00:00Z,2026-06-01T04:00:00Z,AME,DSL,CON009,Outbound,Vessel,7259.07,Planned,12,Weather,2026-06-01T17:20:00Z
MOV0099,2026-06-14T21:00:00Z,2026-06-14T15:00:00Z,GHE,METH,CON010,Blending,Truck,5677.35,Completed,6,Inspection hold,2026-06-14T22:54:00Z
MOV0100,2026-06-03T07:00:00Z,2026-06-03T06:00:00Z,HAM,METH,CON016,TankTransfer,Truck,3360.23,Completed,1,Berth congestion,2026-06-03T08:51:00Z
MOV0101,2026-06-06T20:00:00Z,2026-06-06T20:00:00Z,ROT,BDL,CON013,Inbound,Pipeline,4744.47,Completed,0,None,2026-06-06T21:44:00Z
MOV0102,2026-06-14T02:00:00Z,2026-06-13T22:00:00Z,ROT,ETH,CON008,Outbound,Truck,2142.53,Completed,4,Berth congestion,2026-06-14T04:00:00Z
MOV0103,2026-06-08T02:00:00Z,2026-06-07T14:00:00Z,AME,BDL,CON002,TankTransfer,Barge,750.23,Completed,12,Weather,2026-06-08T02:46:00Z
MOV0104,2026-06-04T18:00:00Z,2026-06-04T17:00:00Z,AME,DSL,CON014,TankTransfer,Truck,1491.2,Completed,1,Weather,2026-06-04T19:50:00Z
MOV0105,2026-06-07T11:00:00Z,2026-06-07T07:00:00Z,HAM,METH,CON016,Blending,Vessel,6531.74,Completed,4,Customer nomination change,2026-06-07T12:55:00Z
MOV0106,2026-06-13T01:00:00Z,2026-06-12T21:00:00Z,ROT,BDL,CON013,Blending,Vessel,1177.27,Completed,4,Pump availability,2026-06-13T01:20:00Z
MOV0107,2026-06-08T22:00:00Z,2026-06-08T20:00:00Z,TER,SAF,CON015,TankTransfer,Vessel,4884.2,Completed,2,Inspection hold,2026-06-08T22:08:00Z
MOV0108,2026-06-14T01:00:00Z,2026-06-14T00:00:00Z,HAM,MGO,CON011,Blending,Truck,5357.39,Planned,1,Berth congestion,2026-06-14T01:22:00Z
MOV0109,2026-06-01T21:00:00Z,2026-06-01T19:00:00Z,AME,BDL,CON002,Inbound,Vessel,7969.46,Completed,2,Pump availability,2026-06-01T21:22:00Z
MOV0110,2026-06-10T20:00:00Z,2026-06-10T16:00:00Z,ROT,BDL,CON013,Blending,Barge,5528.65,Planned,4,Berth congestion,2026-06-10T21:51:00Z
MOV0111,2026-06-14T09:00:00Z,2026-06-14T03:00:00Z,HAM,METH,CON016,TankTransfer,Vessel,7542.9,Completed,6,Customer nomination change,2026-06-14T10:01:00Z
MOV0112,2026-06-06T04:00:00Z,2026-06-06T00:00:00Z,TER,SAF,CON015,TankTransfer,Truck,1245.16,Completed,4,Inspection hold,2026-06-06T04:40:00Z
MOV0113,2026-06-04T02:00:00Z,2026-06-03T14:00:00Z,GHE,MGO,CON007,Outbound,Vessel,1187.55,Completed,12,Weather,2026-06-04T02:36:00Z
MOV0114,2026-06-13T02:00:00Z,2026-06-13T01:00:00Z,AME,BDL,CON005,Outbound,Barge,1014.58,Completed,1,Weather,2026-06-13T03:44:00Z
MOV0115,2026-06-13T17:00:00Z,2026-06-13T17:00:00Z,AME,BDL,CON005,Outbound,Barge,2579.56,Completed,0,None,2026-06-13T18:47:00Z
MOV0116,2026-06-03T08:00:00Z,2026-06-03T08:00:00Z,AME,BDL,CON006,TankTransfer,Barge,1488.52,Completed,0,None,2026-06-03T08:07:00Z
MOV0117,2026-06-06T15:00:00Z,2026-06-06T15:00:00Z,AME,BDL,CON006,Blending,Vessel,1450.69,Completed,0,None,2026-06-06T16:05:00Z
MOV0118,2026-06-08T17:00:00Z,2026-06-08T17:00:00Z,TER,SAF,CON015,Outbound,Vessel,3890.04,Completed,0,None,2026-06-08T18:03:00Z
MOV0119,2026-06-02T19:00:00Z,2026-06-02T07:00:00Z,ALG,ETH,CON001,Blending,Vessel,6854.74,Planned,12,Inspection hold,2026-06-02T19:14:00Z
MOV0120,2026-06-07T20:00:00Z,2026-06-07T20:00:00Z,GHE,SAF,CON003,TankTransfer,Truck,992.62,Planned,0,None,2026-06-07T21:21:00Z
MOV0121,2026-06-07T18:00:00Z,2026-06-07T06:00:00Z,AMW,SAF,CON017,Blending,Vessel,4291.63,Completed,12,Pump availability,2026-06-07T19:37:00Z
MOV0122,2026-06-10T16:00:00Z,2026-06-10T04:00:00Z,GHE,MGO,CON007,Blending,Truck,7160.68,Planned,12,Inspection hold,2026-06-10T16:58:00Z
MOV0123,2026-06-07T22:00:00Z,2026-06-07T16:00:00Z,AMW,BDL,CON004,TankTransfer,Truck,2843.93,Completed,6,Inspection hold,2026-06-07T22:13:00Z
MOV0124,2026-06-02T19:00:00Z,2026-06-02T19:00:00Z,GHE,SAF,CON003,TankTransfer,Barge,3739.07,Completed,0,None,2026-06-02T20:20:00Z
MOV0125,2026-06-03T20:00:00Z,2026-06-03T14:00:00Z,HAM,MGO,CON011,Blending,Vessel,3151.99,Completed,6,Pump availability,2026-06-03T20:44:00Z
MOV0126,2026-06-03T06:00:00Z,2026-06-03T05:00:00Z,TER,DSL,CON012,Blending,Barge,1660.48,Completed,1,Weather,2026-06-03T07:53:00Z
MOV0127,2026-06-03T12:00:00Z,2026-06-03T10:00:00Z,TER,DSL,CON012,Blending,Vessel,4805.75,Completed,2,Berth congestion,2026-06-03T12:28:00Z
MOV0128,2026-06-07T18:00:00Z,2026-06-07T14:00:00Z,AME,DSL,CON009,Outbound,Barge,3132.68,Planned,4,Berth congestion,2026-06-07T18:23:00Z
MOV0129,2026-06-02T23:00:00Z,2026-06-02T22:00:00Z,ALG,ETH,CON001,Blending,Truck,3321.46,Completed,1,Weather,2026-06-02T23:44:00Z
MOV0130,2026-06-13T02:00:00Z,2026-06-13T02:00:00Z,HAM,MGO,CON011,Outbound,Barge,7125.07,Completed,0,None,2026-06-13T03:31:00Z
MOV0131,2026-06-07T07:00:00Z,2026-06-06T19:00:00Z,GHE,SAF,CON003,Blending,Pipeline,5464.54,Planned,12,Weather,2026-06-07T07:32:00Z
MOV0132,2026-06-03T14:00:00Z,2026-06-03T10:00:00Z,AMW,SAF,CON017,TankTransfer,Pipeline,3724.35,Completed,4,Berth congestion,2026-06-03T14:33:00Z
MOV0133,2026-06-13T18:00:00Z,2026-06-13T18:00:00Z,ROT,BDL,CON013,TankTransfer,Barge,557.65,Completed,0,None,2026-06-13T19:42:00Z
MOV0134,2026-06-07T08:00:00Z,2026-06-07T04:00:00Z,AME,DSL,CON009,Blending,Pipeline,1399.88,Completed,4,Customer nomination change,2026-06-07T08:53:00Z
MOV0135,2026-06-11T20:00:00Z,2026-06-11T16:00:00Z,ROT,ETH,CON008,Inbound,Pipeline,1040.57,Completed,4,Inspection hold,2026-06-11T20:14:00Z
MOV0136,2026-06-13T12:00:00Z,2026-06-13T06:00:00Z,HAM,MGO,CON011,Blending,Truck,4800.5,Completed,6,Inspection hold,2026-06-13T12:07:00Z
MOV0137,2026-06-05T03:00:00Z,2026-06-04T15:00:00Z,HAM,MGO,CON011,TankTransfer,Vessel,6740.19,Planned,12,Berth congestion,2026-06-05T03:36:00Z
MOV0138,2026-06-13T19:00:00Z,2026-06-13T13:00:00Z,AME,DSL,CON014,Blending,Truck,4429.72,Completed,6,Customer nomination change,2026-06-13T19:47:00Z
MOV0139,2026-06-02T15:00:00Z,2026-06-02T15:00:00Z,AME,BDL,CON006,Outbound,Truck,4479.54,Completed,0,None,2026-06-02T16:38:00Z
MOV0140,2026-06-06T00:00:00Z,2026-06-06T00:00:00Z,AME,BDL,CON005,Outbound,Barge,1598.33,Completed,0,None,2026-06-06T01:42:00Z
MOV0141,2026-06-05T06:00:00Z,2026-06-04T18:00:00Z,GHE,SAF,CON003,Blending,Truck,3979.65,Completed,12,Customer nomination change,2026-06-05T07:01:00Z
MOV0142,2026-06-11T12:00:00Z,2026-06-11T00:00:00Z,GHE,SAF,CON003,TankTransfer,Vessel,5235.39,Completed,12,Pump availability,2026-06-11T12:14:00Z
MOV0143,2026-06-11T08:00:00Z,2026-06-10T20:00:00Z,GHE,METH,CON010,TankTransfer,Truck,782.05,Completed,12,Berth congestion,2026-06-11T09:23:00Z
MOV0144,2026-06-09T16:00:00Z,2026-06-09T04:00:00Z,AMW,SAF,CON017,Inbound,Pipeline,4852.47,Completed,12,Weather,2026-06-09T17:22:00Z
MOV0145,2026-06-11T16:00:00Z,2026-06-11T16:00:00Z,HAM,METH,CON016,Blending,Vessel,7682.92,Completed,0,None,2026-06-11T17:36:00Z
MOV0146,2026-06-11T18:00:00Z,2026-06-11T18:00:00Z,GHE,SAF,CON003,Blending,Pipeline,793.57,Completed,0,None,2026-06-11T18:51:00Z
MOV0147,2026-06-07T06:00:00Z,2026-06-07T00:00:00Z,TER,DSL,CON012,TankTransfer,Vessel,3565.77,Completed,6,Berth congestion,2026-06-07T06:47:00Z
MOV0148,2026-06-13T03:00:00Z,2026-06-12T21:00:00Z,AMW,BDL,CON004,Outbound,Truck,2631.1,Completed,6,Pump availability,2026-06-13T04:29:00Z
MOV0149,2026-06-08T13:00:00Z,2026-06-08T11:00:00Z,AME,BDL,CON005,Blending,Barge,7757.72,Completed,2,Weather,2026-06-08T14:16:00Z
MOV0150,2026-06-14T21:00:00Z,2026-06-14T17:00:00Z,ROT,BDL,CON013,Inbound,Pipeline,6598.89,Completed,4,Berth congestion,2026-06-14T21:51:00Z
MOV0151,2026-06-04T21:00:00Z,2026-06-04T20:00:00Z,GHE,METH,CON010,Blending,Barge,3062.99,Completed,1,Customer nomination change,2026-06-04T21:24:00Z
MOV0152,2026-06-07T07:00:00Z,2026-06-07T07:00:00Z,GHE,SAF,CON003,Inbound,Truck,4307.67,Completed,0,None,2026-06-07T08:21:00Z
MOV0153,2026-06-04T06:00:00Z,2026-06-04T06:00:00Z,ROT,BDL,CON013,Outbound,Pipeline,1856.34,Completed,0,None,2026-06-04T06:57:00Z
MOV0154,2026-06-06T13:00:00Z,2026-06-06T01:00:00Z,TER,DSL,CON012,Blending,Barge,5079.47,Completed,12,Weather,2026-06-06T14:48:00Z
MOV0155,2026-06-05T07:00:00Z,2026-06-05T03:00:00Z,HAM,METH,CON016,Blending,Pipeline,5587.3,Completed,4,Inspection hold,2026-06-05T08:09:00Z
MOV0156,2026-06-09T22:00:00Z,2026-06-09T22:00:00Z,AMW,SAF,CON017,Outbound,Truck,6626.68,Completed,0,None,2026-06-09T23:27:00Z
MOV0157,2026-06-08T22:00:00Z,2026-06-08T22:00:00Z,HAM,METH,CON016,Inbound,Truck,5835.51,Completed,0,None,2026-06-08T23:42:00Z
MOV0158,2026-06-07T07:00:00Z,2026-06-06T19:00:00Z,AME,BDL,CON006,Outbound,Pipeline,7289.8,Completed,12,Customer nomination change,2026-06-07T08:49:00Z
MOV0159,2026-06-08T10:00:00Z,2026-06-08T10:00:00Z,TER,SAF,CON015,Blending,Truck,3611.73,Completed,0,None,2026-06-08T10:54:00Z
MOV0160,2026-06-09T00:00:00Z,2026-06-08T23:00:00Z,GHE,SAF,CON003,Inbound,Truck,711.41,Completed,1,Customer nomination change,2026-06-09T00:09:00Z
MOV0161,2026-06-11T01:00:00Z,2026-06-11T01:00:00Z,GHE,METH,CON010,Blending,Pipeline,6191.31,Completed,0,None,2026-06-11T03:00:00Z
MOV0162,2026-06-01T11:00:00Z,2026-06-01T09:00:00Z,GHE,SAF,CON003,Outbound,Pipeline,2117.41,Completed,2,Weather,2026-06-01T11:35:00Z
MOV0163,2026-06-03T14:00:00Z,2026-06-03T14:00:00Z,GHE,METH,CON010,Blending,Vessel,2288.3,Completed,0,None,2026-06-03T15:52:00Z
MOV0164,2026-06-13T17:00:00Z,2026-06-13T17:00:00Z,HAM,METH,CON016,Outbound,Barge,5239.66,Completed,0,None,2026-06-13T17:59:00Z
MOV0165,2026-06-14T06:00:00Z,2026-06-14T02:00:00Z,ALG,ETH,CON001,Blending,Barge,2304.23,Completed,4,Pump availability,2026-06-14T06:51:00Z
MOV0166,2026-06-12T05:00:00Z,2026-06-12T05:00:00Z,GHE,SAF,CON003,Blending,Vessel,3428.4,Planned,0,None,2026-06-12T05:52:00Z
MOV0167,2026-06-01T12:00:00Z,2026-06-01T08:00:00Z,AME,DSL,CON009,TankTransfer,Barge,6413.9,Completed,4,Pump availability,2026-06-01T13:39:00Z
MOV0168,2026-06-03T20:00:00Z,2026-06-03T20:00:00Z,HAM,MGO,CON011,TankTransfer,Barge,3142.24,Planned,0,None,2026-06-03T21:34:00Z
MOV0169,2026-06-14T11:00:00Z,2026-06-14T11:00:00Z,HAM,METH,CON016,Inbound,Pipeline,6586.23,Completed,0,None,2026-06-14T11:42:00Z
MOV0170,2026-06-01T23:00:00Z,2026-06-01T22:00:00Z,GHE,MGO,CON007,TankTransfer,Truck,7143.43,Planned,1,Pump availability,2026-06-02T00:05:00Z
MOV0171,2026-06-01T19:00:00Z,2026-06-01T18:00:00Z,AME,DSL,CON009,Inbound,Truck,2645.83,Completed,1,Berth congestion,2026-06-01T20:47:00Z
MOV0172,2026-06-10T13:00:00Z,2026-06-10T07:00:00Z,TER,DSL,CON012,Blending,Truck,6074.81,Completed,6,Inspection hold,2026-06-10T14:33:00Z
MOV0173,2026-06-08T22:00:00Z,2026-06-08T20:00:00Z,HAM,METH,CON016,Blending,Vessel,6508.61,Planned,2,Pump availability,2026-06-08T23:50:00Z
MOV0174,2026-06-12T17:00:00Z,2026-06-12T15:00:00Z,AME,BDL,CON006,Inbound,Truck,2909.09,Completed,2,Weather,2026-06-12T18:02:00Z
MOV0175,2026-06-05T01:00:00Z,2026-06-04T13:00:00Z,AME,DSL,CON014,Inbound,Truck,3136.6,Planned,12,Weather,2026-06-05T02:26:00Z
MOV0176,2026-06-02T20:00:00Z,2026-06-02T14:00:00Z,AME,BDL,CON002,Outbound,Vessel,3224.83,Completed,6,Pump availability,2026-06-02T21:31:00Z
MOV0177,2026-06-01T17:00:00Z,2026-06-01T17:00:00Z,TER,SAF,CON015,TankTransfer,Truck,1004.25,Planned,0,None,2026-06-01T18:17:00Z
MOV0178,2026-06-13T21:00:00Z,2026-06-13T21:00:00Z,AME,BDL,CON002,TankTransfer,Truck,5592.97,Planned,0,None,2026-06-13T22:42:00Z
MOV0179,2026-06-13T05:00:00Z,2026-06-13T05:00:00Z,GHE,SAF,CON003,Blending,Truck,4470.95,Completed,0,None,2026-06-13T05:36:00Z
MOV0180,2026-06-01T13:00:00Z,2026-06-01T13:00:00Z,AMW,BDL,CON004,Blending,Vessel,4242.83,Completed,0,None,2026-06-01T14:44:00Z
MOV0181,2026-06-10T13:00:00Z,2026-06-10T12:00:00Z,AME,DSL,CON009,TankTransfer,Pipeline,7972.74,Completed,1,Berth congestion,2026-06-10T13:22:00Z
MOV0182,2026-06-10T15:00:00Z,2026-06-10T15:00:00Z,GHE,SAF,CON003,Blending,Vessel,7240.09,Completed,0,None,2026-06-10T16:30:00Z
MOV0183,2026-06-02T11:00:00Z,2026-06-02T09:00:00Z,TER,DSL,CON012,Outbound,Barge,7184.99,Completed,2,Pump availability,2026-06-02T11:33:00Z
MOV0184,2026-06-05T06:00:00Z,2026-06-05T06:00:00Z,AMW,BDL,CON004,Blending,Vessel,2275.52,Completed,0,None,2026-06-05T07:15:00Z
MOV0185,2026-06-10T23:00:00Z,2026-06-10T23:00:00Z,TER,DSL,CON012,Inbound,Vessel,5089.61,Completed,0,None,2026-06-10T23:55:00Z
MOV0186,2026-06-12T11:00:00Z,2026-06-12T05:00:00Z,HAM,METH,CON016,Inbound,Barge,6268.73,Completed,6,Berth congestion,2026-06-12T12:02:00Z
MOV0187,2026-06-12T04:00:00Z,2026-06-12T00:00:00Z,TER,SAF,CON015,Outbound,Barge,1462.51,Planned,4,Pump availability,2026-06-12T05:56:00Z
MOV0188,2026-06-03T15:00:00Z,2026-06-03T15:00:00Z,AME,BDL,CON002,Outbound,Truck,2780.93,Completed,0,None,2026-06-03T15:49:00Z
MOV0189,2026-06-07T01:00:00Z,2026-06-07T01:00:00Z,AMW,SAF,CON017,TankTransfer,Barge,2379.54,Completed,0,None,2026-06-07T02:23:00Z
MOV0190,2026-06-11T17:00:00Z,2026-06-11T17:00:00Z,GHE,SAF,CON003,Outbound,Barge,4938.56,Completed,0,None,2026-06-11T18:52:00Z
MOV0191,2026-06-01T14:00:00Z,2026-06-01T14:00:00Z,AME,BDL,CON002,TankTransfer,Barge,840.96,Planned,0,None,2026-06-01T15:24:00Z
MOV0192,2026-06-11T16:00:00Z,2026-06-11T14:00:00Z,ALG,ETH,CON001,TankTransfer,Pipeline,5314.3,Completed,2,Inspection hold,2026-06-11T16:43:00Z
MOV0193,2026-06-02T13:00:00Z,2026-06-02T13:00:00Z,TER,SAF,CON015,Blending,Pipeline,1685.6,Planned,0,None,2026-06-02T13:31:00Z
MOV0194,2026-06-13T22:00:00Z,2026-06-13T22:00:00Z,HAM,MGO,CON011,TankTransfer,Truck,2844.37,Planned,0,None,2026-06-13T22:21:00Z
MOV0195,2026-06-11T23:00:00Z,2026-06-11T23:00:00Z,TER,DSL,CON012,Blending,Vessel,2893.37,Completed,0,None,2026-06-12T00:02:00Z
MOV0196,2026-06-04T00:00:00Z,2026-06-04T00:00:00Z,ROT,ETH,CON008,Blending,Pipeline,879.54,Completed,0,None,2026-06-04T01:55:00Z
MOV0197,2026-06-08T03:00:00Z,2026-06-07T23:00:00Z,AME,BDL,CON006,Outbound,Pipeline,1923.76,Planned,4,Inspection hold,2026-06-08T04:57:00Z
MOV0198,2026-06-11T14:00:00Z,2026-06-11T14:00:00Z,GHE,METH,CON010,Blending,Pipeline,1175.37,Completed,0,None,2026-06-11T14:32:00Z
MOV0199,2026-06-02T00:00:00Z,2026-06-02T00:00:00Z,TER,DSL,CON012,Blending,Truck,2610.17,Completed,0,None,2026-06-02T01:53:00Z
MOV0200,2026-06-10T04:00:00Z,2026-06-10T04:00:00Z,AMW,BDL,CON004,TankTransfer,Pipeline,7118.42,Completed,0,None,2026-06-10T04:10:00Z
MOV0201,2026-06-02T03:00:00Z,2026-06-02T02:00:00Z,ROT,BDL,CON013,TankTransfer,Vessel,3218.93,Planned,1,Pump availability,2026-06-02T04:02:00Z
MOV0202,2026-06-14T07:00:00Z,2026-06-14T07:00:00Z,AME,DSL,CON009,Inbound,Pipeline,1464.98,Completed,0,None,2026-06-14T08:46:00Z
MOV0203,2026-06-13T01:00:00Z,2026-06-12T21:00:00Z,HAM,MGO,CON011,Outbound,Pipeline,6162.24,Completed,4,Berth congestion,2026-06-13T01:09:00Z
MOV0204,2026-06-08T14:00:00Z,2026-06-08T02:00:00Z,AME,BDL,CON005,Outbound,Barge,4395.0,Completed,12,Pump availability,2026-06-08T14:45:00Z
MOV0205,2026-06-09T11:00:00Z,2026-06-09T09:00:00Z,AME,BDL,CON006,Blending,Truck,4952.93,Planned,2,Berth congestion,2026-06-09T11:52:00Z
MOV0206,2026-06-03T14:00:00Z,2026-06-03T08:00:00Z,HAM,MGO,CON011,Inbound,Pipeline,4877.77,Completed,6,Pump availability,2026-06-03T15:18:00Z
MOV0207,2026-06-02T14:00:00Z,2026-06-02T02:00:00Z,ROT,ETH,CON008,Blending,Barge,1778.84,Completed,12,Berth congestion,2026-06-02T15:18:00Z
MOV0208,2026-06-05T01:00:00Z,2026-06-05T01:00:00Z,AMW,BDL,CON004,Blending,Barge,3807.79,Planned,0,None,2026-06-05T02:33:00Z
MOV0209,2026-06-10T06:00:00Z,2026-06-09T18:00:00Z,GHE,MGO,CON007,Inbound,Barge,7046.13,Completed,12,Pump availability,2026-06-10T06:46:00Z
MOV0210,2026-06-12T11:00:00Z,2026-06-12T05:00:00Z,HAM,METH,CON016,Outbound,Pipeline,2853.14,Completed,6,Pump availability,2026-06-12T11:50:00Z
MOV0211,2026-06-14T12:00:00Z,2026-06-14T00:00:00Z,AME,DSL,CON009,Outbound,Truck,1941.98,Completed,12,Customer nomination change,2026-06-14T12:43:00Z
MOV0212,2026-06-05T22:00:00Z,2026-06-05T10:00:00Z,GHE,METH,CON010,TankTransfer,Truck,2877.81,Completed,12,Berth congestion,2026-06-05T23:18:00Z
MOV0213,2026-06-09T14:00:00Z,2026-06-09T10:00:00Z,ROT,BDL,CON013,Outbound,Truck,7659.57,Completed,4,Weather,2026-06-09T15:36:00Z
MOV0214,2026-06-08T21:00:00Z,2026-06-08T09:00:00Z,GHE,SAF,CON003,Blending,Barge,5419.79,Completed,12,Pump availability,2026-06-08T21:39:00Z
MOV0215,2026-06-03T22:00:00Z,2026-06-03T22:00:00Z,AME,DSL,CON009,Outbound,Barge,5117.58,Completed,0,None,2026-06-03T23:30:00Z
MOV0216,2026-06-05T20:00:00Z,2026-06-05T19:00:00Z,AMW,SAF,CON017,Blending,Truck,893.68,Planned,1,Berth congestion,2026-06-05T21:32:00Z
MOV0217,2026-06-01T02:00:00Z,2026-06-01T02:00:00Z,AME,BDL,CON005,Blending,Pipeline,3551.81,Completed,0,None,2026-06-01T03:41:00Z
MOV0218,2026-06-07T22:00:00Z,2026-06-07T20:00:00Z,GHE,METH,CON010,Inbound,Barge,5344.23,Completed,2,Customer nomination change,2026-06-07T22:58:00Z
MOV0219,2026-06-02T00:00:00Z,2026-06-01T18:00:00Z,AME,BDL,CON006,Outbound,Truck,6409.7,Completed,6,Berth congestion,2026-06-02T00:43:00Z
MOV0220,2026-06-08T05:00:00Z,2026-06-08T03:00:00Z,AMW,BDL,CON004,Blending,Barge,3907.62,Planned,2,Weather,2026-06-08T05:29:00Z
MOV0221,2026-06-08T01:00:00Z,2026-06-08T01:00:00Z,AMW,BDL,CON004,TankTransfer,Barge,5983.39,Completed,0,None,2026-06-08T02:39:00Z
MOV0222,2026-06-07T08:00:00Z,2026-06-07T07:00:00Z,HAM,MGO,CON011,Blending,Pipeline,1816.21,Completed,1,Berth congestion,2026-06-07T08:56:00Z
MOV0223,2026-06-04T22:00:00Z,2026-06-04T22:00:00Z,AMW,BDL,CON004,Outbound,Vessel,4080.91,Completed,0,None,2026-06-04T22:54:00Z
MOV0224,2026-06-10T14:00:00Z,2026-06-10T12:00:00Z,ROT,ETH,CON008,TankTransfer,Vessel,7655.26,Completed,2,Weather,2026-06-10T15:33:00Z
MOV0225,2026-06-02T07:00:00Z,2026-06-02T07:00:00Z,ROT,ETH,CON008,Outbound,Pipeline,3990.46,Completed,0,None,2026-06-02T08:33:00Z
MOV0226,2026-06-14T17:00:00Z,2026-06-14T15:00:00Z,AMW,BDL,CON004,Outbound,Barge,3256.58,Completed,2,Inspection hold,2026-06-14T17:24:00Z
MOV0227,2026-06-14T02:00:00Z,2026-06-13T22:00:00Z,TER,SAF,CON015,Blending,Barge,3618.84,Completed,4,Pump availability,2026-06-14T03:56:00Z
MOV0228,2026-06-12T17:00:00Z,2026-06-12T05:00:00Z,GHE,SAF,CON003,TankTransfer,Vessel,4461.3,Completed,12,Berth congestion,2026-06-12T18:51:00Z
MOV0229,2026-06-05T07:00:00Z,2026-06-05T07:00:00Z,AMW,SAF,CON017,Blending,Vessel,1734.03,Completed,0,None,2026-06-05T08:36:00Z
MOV0230,2026-06-03T10:00:00Z,2026-06-02T22:00:00Z,HAM,METH,CON016,Blending,Barge,6565.19,Planned,12,Inspection hold,2026-06-03T11:17:00Z
MOV0231,2026-06-13T10:00:00Z,2026-06-12T22:00:00Z,AME,BDL,CON002,TankTransfer,Vessel,5545.76,Planned,12,Weather,2026-06-13T11:49:00Z
MOV0232,2026-06-05T15:00:00Z,2026-06-05T15:00:00Z,ALG,ETH,CON001,TankTransfer,Vessel,839.67,Completed,0,None,2026-06-05T16:59:00Z
MOV0233,2026-06-11T01:00:00Z,2026-06-11T01:00:00Z,GHE,SAF,CON003,Outbound,Barge,2653.18,Planned,0,None,2026-06-11T01:52:00Z
MOV0234,2026-06-10T19:00:00Z,2026-06-10T13:00:00Z,ROT,BDL,CON013,Outbound,Truck,3317.34,Completed,6,Customer nomination change,2026-06-10T20:13:00Z
MOV0235,2026-06-12T06:00:00Z,2026-06-12T06:00:00Z,ROT,BDL,CON013,Outbound,Vessel,5958.94,Completed,0,None,2026-06-12T06:43:00Z
MOV0236,2026-06-12T20:00:00Z,2026-06-12T14:00:00Z,TER,SAF,CON015,Outbound,Barge,4489.5,Planned,6,Weather,2026-06-12T20:24:00Z
MOV0237,2026-06-05T00:00:00Z,2026-06-05T00:00:00Z,AME,DSL,CON009,Blending,Vessel,741.63,Completed,0,None,2026-06-05T00:31:00Z
MOV0238,2026-06-03T03:00:00Z,2026-06-03T03:00:00Z,GHE,SAF,CON003,Inbound,Barge,3848.31,Completed,0,None,2026-06-03T03:56:00Z
MOV0239,2026-06-06T00:00:00Z,2026-06-05T23:00:00Z,TER,SAF,CON015,Inbound,Barge,6157.89,Completed,1,Customer nomination change,2026-06-06T01:49:00Z
MOV0240,2026-06-13T11:00:00Z,2026-06-13T07:00:00Z,HAM,MGO,CON011,Outbound,Barge,2276.78,Planned,4,Weather,2026-06-13T11:40:00Z
MOV0241,2026-06-12T21:00:00Z,2026-06-12T21:00:00Z,AME,BDL,CON002,Blending,Pipeline,5194.95,Completed,0,None,2026-06-12T21:49:00Z
MOV0242,2026-06-12T08:00:00Z,2026-06-12T04:00:00Z,ROT,BDL,CON013,Blending,Barge,5722.31,Completed,4,Inspection hold,2026-06-12T08:28:00Z
MOV0243,2026-06-06T04:00:00Z,2026-06-06T03:00:00Z,HAM,METH,CON016,Outbound,Pipeline,2755.52,Completed,1,Pump availability,2026-06-06T04:57:00Z
MOV0244,2026-06-12T21:00:00Z,2026-06-12T21:00:00Z,AME,DSL,CON014,TankTransfer,Barge,3413.14,Completed,0,None,2026-06-12T22:27:00Z
MOV0245,2026-06-10T18:00:00Z,2026-06-10T14:00:00Z,GHE,SAF,CON003,Outbound,Vessel,1193.48,Completed,4,Inspection hold,2026-06-10T19:31:00Z
MOV0246,2026-06-02T14:00:00Z,2026-06-02T13:00:00Z,AME,BDL,CON002,Outbound,Pipeline,6534.88,Completed,1,Weather,2026-06-02T14:43:00Z
MOV0247,2026-06-05T13:00:00Z,2026-06-05T12:00:00Z,ALG,ETH,CON001,Inbound,Pipeline,7715.58,Completed,1,Pump availability,2026-06-05T14:35:00Z
MOV0248,2026-06-09T12:00:00Z,2026-06-09T11:00:00Z,GHE,MGO,CON007,TankTransfer,Pipeline,4640.59,Planned,1,Pump availability,2026-06-09T13:28:00Z
MOV0249,2026-06-07T15:00:00Z,2026-06-07T13:00:00Z,TER,DSL,CON012,Blending,Pipeline,3197.33,Completed,2,Inspection hold,2026-06-07T16:42:00Z
MOV0250,2026-06-05T12:00:00Z,2026-06-05T08:00:00Z,HAM,MGO,CON011,Inbound,Barge,2846.92,Completed,4,Berth congestion,2026-06-05T12:38:00Z
MOV0251,2026-06-07T07:00:00Z,2026-06-07T07:00:00Z,AME,DSL,CON014,Outbound,Pipeline,1971.44,Completed,0,None,2026-06-07T08:08:00Z
MOV0252,2026-06-06T23:00:00Z,2026-06-06T11:00:00Z,HAM,MGO,CON011,Blending,Pipeline,7748.81,Completed,12,Weather,2026-06-06T23:26:00Z
MOV0253,2026-06-13T03:00:00Z,2026-06-12T15:00:00Z,AME,BDL,CON005,Inbound,Vessel,1880.36,Completed,12,Berth congestion,2026-06-13T04:42:00Z
MOV0254,2026-06-09T19:00:00Z,2026-06-09T19:00:00Z,ALG,ETH,CON001,Outbound,Vessel,6819.09,Completed,0,None,2026-06-09T19:06:00Z
MOV0255,2026-06-12T06:00:00Z,2026-06-11T18:00:00Z,GHE,MGO,CON007,Blending,Pipeline,3299.01,Completed,12,Berth congestion,2026-06-12T07:13:00Z
MOV0256,2026-06-01T06:00:00Z,2026-06-01T06:00:00Z,AME,DSL,CON014,TankTransfer,Truck,4470.63,Completed,0,None,2026-06-01T07:09:00Z
MOV0257,2026-06-04T19:00:00Z,2026-06-04T19:00:00Z,AME,DSL,CON014,Outbound,Barge,7385.37,Completed,0,None,2026-06-04T20:24:00Z
MOV0258,2026-06-06T13:00:00Z,2026-06-06T09:00:00Z,AMW,SAF,CON017,Blending,Vessel,2504.94,Completed,4,Inspection hold,2026-06-06T14:03:00Z
MOV0259,2026-06-05T21:00:00Z,2026-06-05T19:00:00Z,ROT,ETH,CON008,Inbound,Vessel,5630.31,Completed,2,Inspection hold,2026-06-05T21:53:00Z
MOV0260,2026-06-13T06:00:00Z,2026-06-12T18:00:00Z,ROT,BDL,CON013,Inbound,Barge,920.86,Completed,12,Inspection hold,2026-06-13T07:53:00Z
MOV0261,2026-06-14T22:00:00Z,2026-06-14T18:00:00Z,AME,DSL,CON014,Inbound,Vessel,4743.92,Completed,4,Customer nomination change,2026-06-15T00:00:00Z
MOV0262,2026-06-06T18:00:00Z,2026-06-06T18:00:00Z,HAM,METH,CON016,TankTransfer,Vessel,7431.19,Completed,0,None,2026-06-06T19:53:00Z
MOV0263,2026-06-01T09:00:00Z,2026-06-01T08:00:00Z,HAM,MGO,CON011,Blending,Vessel,4902.77,Completed,1,Customer nomination change,2026-06-01T10:17:00Z
MOV0264,2026-06-13T08:00:00Z,2026-06-13T02:00:00Z,ROT,ETH,CON008,TankTransfer,Pipeline,5577.76,Completed,6,Berth congestion,2026-06-13T09:09:00Z
MOV0265,2026-06-02T03:00:00Z,2026-06-02T03:00:00Z,TER,DSL,CON012,Inbound,Truck,3778.16,Planned,0,None,2026-06-02T04:44:00Z
MOV0266,2026-06-01T17:00:00Z,2026-06-01T15:00:00Z,HAM,MGO,CON011,Blending,Pipeline,6376.61,Completed,2,Weather,2026-06-01T18:15:00Z
MOV0267,2026-06-10T05:00:00Z,2026-06-10T05:00:00Z,ROT,BDL,CON013,Blending,Vessel,5597.71,Completed,0,None,2026-06-10T06:47:00Z
MOV0268,2026-06-02T13:00:00Z,2026-06-02T13:00:00Z,ROT,ETH,CON008,Blending,Barge,2509.79,Planned,0,None,2026-06-02T13:45:00Z
MOV0269,2026-06-03T06:00:00Z,2026-06-03T06:00:00Z,TER,DSL,CON012,TankTransfer,Pipeline,538.96,Completed,0,None,2026-06-03T07:42:00Z
MOV0270,2026-06-03T04:00:00Z,2026-06-03T04:00:00Z,AME,DSL,CON009,Blending,Pipeline,1154.73,Planned,0,None,2026-06-03T04:18:00Z
MOV0271,2026-06-03T01:00:00Z,2026-06-02T21:00:00Z,ALG,ETH,CON001,TankTransfer,Pipeline,4656.65,Completed,4,Weather,2026-06-03T01:57:00Z
MOV0272,2026-06-02T20:00:00Z,2026-06-02T19:00:00Z,ROT,BDL,CON013,Outbound,Pipeline,4789.7,Completed,1,Customer nomination change,2026-06-02T20:39:00Z
MOV0273,2026-06-07T05:00:00Z,2026-06-06T17:00:00Z,GHE,METH,CON010,Outbound,Pipeline,1594.51,Completed,12,Inspection hold,2026-06-07T05:43:00Z
MOV0274,2026-06-02T19:00:00Z,2026-06-02T15:00:00Z,HAM,METH,CON016,Outbound,Pipeline,2387.75,Completed,4,Inspection hold,2026-06-02T19:18:00Z
MOV0275,2026-06-07T11:00:00Z,2026-06-07T11:00:00Z,AME,BDL,CON005,TankTransfer,Pipeline,7616.18,Completed,0,None,2026-06-07T12:01:00Z
MOV0276,2026-06-10T04:00:00Z,2026-06-10T04:00:00Z,HAM,MGO,CON011,Outbound,Pipeline,2753.26,Completed,0,None,2026-06-10T04:27:00Z
MOV0277,2026-06-07T21:00:00Z,2026-06-07T19:00:00Z,ROT,BDL,CON013,Blending,Barge,6011.56,Completed,2,Inspection hold,2026-06-07T21:40:00Z
MOV0278,2026-06-08T18:00:00Z,2026-06-08T18:00:00Z,ROT,BDL,CON013,Outbound,Barge,7490.5,Completed,0,None,2026-06-08T19:38:00Z
MOV0279,2026-06-05T23:00:00Z,2026-06-05T11:00:00Z,TER,SAF,CON015,Inbound,Pipeline,6482.64,Planned,12,Customer nomination change,2026-06-06T00:26:00Z
MOV0280,2026-06-06T05:00:00Z,2026-06-06T03:00:00Z,GHE,METH,CON010,Blending,Pipeline,5439.97,Completed,2,Inspection hold,2026-06-06T06:21:00Z
MOV0281,2026-06-13T16:00:00Z,2026-06-13T10:00:00Z,HAM,METH,CON016,Blending,Vessel,4507.76,Completed,6,Pump availability,2026-06-13T17:21:00Z
MOV0282,2026-06-03T08:00:00Z,2026-06-03T07:00:00Z,GHE,SAF,CON003,TankTransfer,Barge,5432.01,Completed,1,Pump availability,2026-06-03T09:27:00Z
MOV0283,2026-06-08T07:00:00Z,2026-06-08T01:00:00Z,ROT,BDL,CON013,Inbound,Truck,1294.58,Completed,6,Pump availability,2026-06-08T08:40:00Z
MOV0284,2026-06-12T22:00:00Z,2026-06-12T21:00:00Z,AMW,SAF,CON017,Blending,Pipeline,3843.34,Completed,1,Weather,2026-06-12T22:08:00Z
MOV0285,2026-06-03T07:00:00Z,2026-06-03T05:00:00Z,HAM,METH,CON016,Inbound,Vessel,3619.82,Completed,2,Weather,2026-06-03T07:44:00Z
MOV0286,2026-06-10T18:00:00Z,2026-06-10T17:00:00Z,HAM,MGO,CON011,TankTransfer,Pipeline,4408.36,Completed,1,Inspection hold,2026-06-10T19:37:00Z
MOV0287,2026-06-07T19:00:00Z,2026-06-07T19:00:00Z,TER,SAF,CON015,Inbound,Vessel,2751.98,Completed,0,None,2026-06-07T20:27:00Z
MOV0288,2026-06-04T13:00:00Z,2026-06-04T12:00:00Z,AMW,BDL,CON004,Outbound,Truck,4369.95,Planned,1,Inspection hold,2026-06-04T13:34:00Z
MOV0289,2026-06-14T10:00:00Z,2026-06-14T10:00:00Z,ROT,BDL,CON013,Blending,Pipeline,1897.9,Completed,0,None,2026-06-14T11:39:00Z
MOV0290,2026-06-10T20:00:00Z,2026-06-10T14:00:00Z,GHE,MGO,CON007,Outbound,Barge,3416.27,Completed,6,Berth congestion,2026-06-10T21:18:00Z
MOV0291,2026-06-12T10:00:00Z,2026-06-12T10:00:00Z,AMW,BDL,CON004,Outbound,Pipeline,3243.45,Completed,0,None,2026-06-12T10:38:00Z
MOV0292,2026-06-12T10:00:00Z,2026-06-12T06:00:00Z,HAM,METH,CON016,Blending,Vessel,4977.28,Completed,4,Weather,2026-06-12T11:53:00Z
MOV0293,2026-06-14T04:00:00Z,2026-06-14T04:00:00Z,TER,SAF,CON015,TankTransfer,Vessel,6603.04,Completed,0,None,2026-06-14T04:45:00Z
MOV0294,2026-06-06T04:00:00Z,2026-06-06T02:00:00Z,AMW,BDL,CON004,TankTransfer,Barge,1377.12,Planned,2,Inspection hold,2026-06-06T05:21:00Z
MOV0295,2026-06-13T12:00:00Z,2026-06-13T06:00:00Z,AME,BDL,CON005,Blending,Barge,3672.79,Completed,6,Inspection hold,2026-06-13T12:41:00Z
MOV0296,2026-06-05T03:00:00Z,2026-06-04T23:00:00Z,AME,BDL,CON005,Inbound,Truck,6814.89,Completed,4,Inspection hold,2026-06-05T03:22:00Z
MOV0297,2026-06-09T16:00:00Z,2026-06-09T04:00:00Z,GHE,MGO,CON007,Blending,Pipeline,3568.51,Planned,12,Inspection hold,2026-06-09T16:26:00Z
MOV0298,2026-06-13T01:00:00Z,2026-06-13T01:00:00Z,GHE,SAF,CON003,Outbound,Truck,6469.11,Completed,0,None,2026-06-13T01:40:00Z
MOV0299,2026-06-12T13:00:00Z,2026-06-12T11:00:00Z,ROT,ETH,CON008,Blending,Pipeline,1761.57,Completed,2,Pump availability,2026-06-12T13:19:00Z
MOV0300,2026-06-12T18:00:00Z,2026-06-12T14:00:00Z,AME,DSL,CON009,Inbound,Pipeline,4565.33,Completed,4,Inspection hold,2026-06-12T18:18:00Z
MOV0301,2026-06-07T08:00:00Z,2026-06-07T08:00:00Z,ROT,ETH,CON008,TankTransfer,Vessel,3872.99,Planned,0,None,2026-06-07T09:55:00Z
MOV0302,2026-06-06T02:00:00Z,2026-06-06T01:00:00Z,AMW,BDL,CON004,TankTransfer,Pipeline,6580.27,Completed,1,Pump availability,2026-06-06T02:22:00Z
MOV0303,2026-06-05T09:00:00Z,2026-06-05T09:00:00Z,GHE,MGO,CON007,TankTransfer,Barge,4775.56,Completed,0,None,2026-06-05T10:35:00Z
MOV0304,2026-06-07T06:00:00Z,2026-06-07T04:00:00Z,GHE,METH,CON010,Inbound,Barge,7642.98,Planned,2,Berth congestion,2026-06-07T06:40:00Z
MOV0305,2026-06-03T20:00:00Z,2026-06-03T19:00:00Z,AME,BDL,CON005,TankTransfer,Barge,1596.83,Planned,1,Inspection hold,2026-06-03T20:23:00Z
MOV0306,2026-06-14T15:00:00Z,2026-06-14T09:00:00Z,AME,DSL,CON009,Inbound,Vessel,3313.79,Planned,6,Pump availability,2026-06-14T16:40:00Z
MOV0307,2026-06-09T08:00:00Z,2026-06-08T20:00:00Z,AME,DSL,CON009,TankTransfer,Vessel,7626.91,Completed,12,Inspection hold,2026-06-09T09:26:00Z
MOV0308,2026-06-02T14:00:00Z,2026-06-02T08:00:00Z,TER,DSL,CON012,Blending,Barge,2133.72,Planned,6,Weather,2026-06-02T14:46:00Z
MOV0309,2026-06-08T04:00:00Z,2026-06-08T04:00:00Z,GHE,METH,CON010,Blending,Truck,4746.07,Completed,0,None,2026-06-08T04:10:00Z
MOV0310,2026-06-14T20:00:00Z,2026-06-14T08:00:00Z,AMW,BDL,CON004,Outbound,Pipeline,622.11,Planned,12,Berth congestion,2026-06-14T20:59:00Z
MOV0311,2026-06-03T21:00:00Z,2026-06-03T19:00:00Z,GHE,MGO,CON007,TankTransfer,Vessel,1692.33,Completed,2,Weather,2026-06-03T21:15:00Z
MOV0312,2026-06-14T20:00:00Z,2026-06-14T20:00:00Z,TER,DSL,CON012,TankTransfer,Barge,888.4,Planned,0,None,2026-06-14T21:28:00Z
MOV0313,2026-06-03T00:00:00Z,2026-06-03T00:00:00Z,GHE,SAF,CON003,Inbound,Barge,2100.66,Completed,0,None,2026-06-03T01:11:00Z
MOV0314,2026-06-01T04:00:00Z,2026-06-01T04:00:00Z,TER,SAF,CON015,Inbound,Pipeline,5716.98,Completed,0,None,2026-06-01T05:06:00Z
MOV0315,2026-06-06T03:00:00Z,2026-06-05T21:00:00Z,GHE,SAF,CON003,Inbound,Vessel,1169.98,Completed,6,Weather,2026-06-06T04:57:00Z
MOV0316,2026-06-04T04:00:00Z,2026-06-03T22:00:00Z,GHE,METH,CON010,Outbound,Barge,6300.95,Completed,6,Pump availability,2026-06-04T05:17:00Z
MOV0317,2026-06-14T00:00:00Z,2026-06-14T00:00:00Z,ALG,ETH,CON001,Outbound,Barge,3800.75,Planned,0,None,2026-06-14T01:23:00Z
MOV0318,2026-06-05T15:00:00Z,2026-06-05T15:00:00Z,TER,SAF,CON015,Outbound,Vessel,7224.45,Planned,0,None,2026-06-05T15:49:00Z
MOV0319,2026-06-07T17:00:00Z,2026-06-07T17:00:00Z,AME,DSL,CON014,Inbound,Barge,2358.4,Completed,0,None,2026-06-07T18:44:00Z
MOV0320,2026-06-07T11:00:00Z,2026-06-07T10:00:00Z,ALG,ETH,CON001,Outbound,Pipeline,4383.12,Completed,1,Berth congestion,2026-06-07T12:45:00Z
MOV0321,2026-06-11T19:00:00Z,2026-06-11T13:00:00Z,ROT,ETH,CON008,Blending,Vessel,1345.58,Completed,6,Weather,2026-06-11T19:45:00Z
MOV0322,2026-06-09T12:00:00Z,2026-06-09T06:00:00Z,AME,BDL,CON005,Outbound,Pipeline,3240.59,Completed,6,Berth congestion,2026-06-09T13:20:00Z
MOV0323,2026-06-01T09:00:00Z,2026-06-01T07:00:00Z,GHE,SAF,CON003,Inbound,Pipeline,2118.07,Completed,2,Pump availability,2026-06-01T10:43:00Z
MOV0324,2026-06-10T06:00:00Z,2026-06-10T00:00:00Z,AME,DSL,CON014,Outbound,Truck,1118.21,Completed,6,Weather,2026-06-10T06:15:00Z
MOV0325,2026-06-05T08:00:00Z,2026-06-05T08:00:00Z,AMW,SAF,CON017,Blending,Vessel,4522.93,Completed,0,None,2026-06-05T09:34:00Z
MOV0326,2026-06-06T02:00:00Z,2026-06-06T02:00:00Z,AME,DSL,CON014,Blending,Vessel,2333.6,Planned,0,None,2026-06-06T03:23:00Z
MOV0327,2026-06-07T14:00:00Z,2026-06-07T14:00:00Z,AME,BDL,CON002,Outbound,Vessel,1395.82,Completed,0,None,2026-06-07T15:08:00Z
MOV0328,2026-06-12T05:00:00Z,2026-06-12T03:00:00Z,TER,DSL,CON012,Outbound,Truck,1752.22,Completed,2,Berth congestion,2026-06-12T05:47:00Z
MOV0329,2026-06-06T19:00:00Z,2026-06-06T19:00:00Z,AME,DSL,CON014,Inbound,Pipeline,2472.12,Planned,0,None,2026-06-06T20:10:00Z
MOV0330,2026-06-02T16:00:00Z,2026-06-02T04:00:00Z,TER,DSL,CON012,Outbound,Truck,6945.2,Completed,12,Weather,2026-06-02T17:43:00Z
MOV0331,2026-06-13T05:00:00Z,2026-06-13T05:00:00Z,AMW,BDL,CON004,Inbound,Vessel,2213.03,Completed,0,None,2026-06-13T05:36:00Z
MOV0332,2026-06-11T05:00:00Z,2026-06-11T01:00:00Z,AME,BDL,CON002,Outbound,Barge,3372.35,Completed,4,Pump availability,2026-06-11T06:47:00Z
MOV0333,2026-06-05T22:00:00Z,2026-06-05T18:00:00Z,AME,DSL,CON014,TankTransfer,Truck,2361.97,Completed,4,Pump availability,2026-06-05T22:52:00Z
MOV0334,2026-06-11T17:00:00Z,2026-06-11T17:00:00Z,AMW,BDL,CON004,Inbound,Pipeline,1845.08,Completed,0,None,2026-06-11T18:57:00Z
MOV0335,2026-06-07T02:00:00Z,2026-06-07T00:00:00Z,TER,SAF,CON015,Blending,Vessel,2954.76,Completed,2,Customer nomination change,2026-06-07T02:42:00Z
MOV0336,2026-06-14T07:00:00Z,2026-06-14T06:00:00Z,GHE,METH,CON010,Blending,Barge,3979.45,Completed,1,Customer nomination change,2026-06-14T07:05:00Z
MOV0337,2026-06-01T13:00:00Z,2026-06-01T12:00:00Z,AME,DSL,CON014,Inbound,Truck,4561.59,Completed,1,Inspection hold,2026-06-01T14:53:00Z
MOV0338,2026-06-03T06:00:00Z,2026-06-03T05:00:00Z,GHE,METH,CON010,Outbound,Pipeline,4473.61,Planned,1,Berth congestion,2026-06-03T06:23:00Z
MOV0339,2026-06-02T23:00:00Z,2026-06-02T23:00:00Z,AME,DSL,CON009,Blending,Truck,7409.56,Planned,0,None,2026-06-03T00:40:00Z
MOV0340,2026-06-13T09:00:00Z,2026-06-13T09:00:00Z,GHE,SAF,CON003,Blending,Vessel,4290.71,Completed,0,None,2026-06-13T10:00:00Z
MOV0341,2026-06-06T03:00:00Z,2026-06-06T01:00:00Z,AME,BDL,CON005,TankTransfer,Pipeline,2457.43,Completed,2,Weather,2026-06-06T04:02:00Z
MOV0342,2026-06-05T23:00:00Z,2026-06-05T23:00:00Z,AME,DSL,CON009,Outbound,Vessel,7576.66,Completed,0,None,2026-06-05T23:18:00Z
MOV0343,2026-06-11T02:00:00Z,2026-06-10T14:00:00Z,AME,BDL,CON006,Inbound,Truck,2855.25,Completed,12,Inspection hold,2026-06-11T02:44:00Z
MOV0344,2026-06-06T15:00:00Z,2026-06-06T15:00:00Z,TER,SAF,CON015,TankTransfer,Vessel,1178.16,Completed,0,None,2026-06-06T16:51:00Z
MOV0345,2026-06-04T03:00:00Z,2026-06-04T03:00:00Z,HAM,MGO,CON011,TankTransfer,Pipeline,5833.68,Completed,0,None,2026-06-04T04:31:00Z
MOV0346,2026-06-06T13:00:00Z,2026-06-06T13:00:00Z,GHE,METH,CON010,Blending,Pipeline,733.12,Completed,0,None,2026-06-06T13:17:00Z
MOV0347,2026-06-03T04:00:00Z,2026-06-03T04:00:00Z,TER,SAF,CON015,Inbound,Barge,1410.9,Completed,0,None,2026-06-03T04:30:00Z
MOV0348,2026-06-08T22:00:00Z,2026-06-08T22:00:00Z,ROT,BDL,CON013,TankTransfer,Vessel,4867.43,Completed,0,None,2026-06-08T22:13:00Z
MOV0349,2026-06-15T06:00:00Z,2026-06-14T18:00:00Z,GHE,MGO,CON007,Inbound,Truck,6569.74,Completed,12,Berth congestion,2026-06-15T07:04:00Z
MOV0350,2026-06-04T20:00:00Z,2026-06-04T14:00:00Z,AME,BDL,CON002,Blending,Pipeline,6662.64,Completed,6,Inspection hold,2026-06-04T21:32:00Z
MOV0351,2026-06-04T20:00:00Z,2026-06-04T16:00:00Z,AME,DSL,CON014,Outbound,Truck,2110.37,Completed,4,Inspection hold,2026-06-04T21:58:00Z
MOV0352,2026-06-01T18:00:00Z,2026-06-01T17:00:00Z,AME,BDL,CON005,Blending,Pipeline,5354.59,Planned,1,Berth congestion,2026-06-01T18:16:00Z
MOV0353,2026-06-09T04:00:00Z,2026-06-09T04:00:00Z,AME,DSL,CON009,Outbound,Vessel,3644.26,Planned,0,None,2026-06-09T05:45:00Z
MOV0354,2026-06-11T17:00:00Z,2026-06-11T05:00:00Z,TER,DSL,CON012,TankTransfer,Pipeline,3080.26,Completed,12,Customer nomination change,2026-06-11T17:08:00Z
MOV0355,2026-06-13T18:00:00Z,2026-06-13T17:00:00Z,HAM,MGO,CON011,TankTransfer,Vessel,719.78,Planned,1,Pump availability,2026-06-13T18:50:00Z
MOV0356,2026-06-04T09:00:00Z,2026-06-04T09:00:00Z,ROT,ETH,CON008,Outbound,Truck,2358.93,Completed,0,None,2026-06-04T10:42:00Z
MOV0357,2026-06-13T12:00:00Z,2026-06-13T06:00:00Z,ROT,ETH,CON008,Outbound,Barge,3161.03,Completed,6,Pump availability,2026-06-13T12:45:00Z
MOV0358,2026-06-13T14:00:00Z,2026-06-13T14:00:00Z,TER,DSL,CON012,TankTransfer,Barge,5775.9,Completed,0,None,2026-06-13T15:52:00Z
MOV0359,2026-06-12T15:00:00Z,2026-06-12T13:00:00Z,HAM,METH,CON016,Inbound,Vessel,1816.68,Completed,2,Customer nomination change,2026-06-12T16:22:00Z
MOV0360,2026-06-01T22:00:00Z,2026-06-01T10:00:00Z,ROT,ETH,CON008,Outbound,Barge,505.13,Completed,12,Customer nomination change,2026-06-01T23:47:00Z
MOV0361,2026-06-02T06:00:00Z,2026-06-02T06:00:00Z,HAM,MGO,CON011,Outbound,Vessel,1607.84,Completed,0,None,2026-06-02T06:14:00Z
MOV0362,2026-06-09T10:00:00Z,2026-06-09T10:00:00Z,TER,DSL,CON012,TankTransfer,Barge,3024.21,Completed,0,None,2026-06-09T11:38:00Z
MOV0363,2026-06-15T03:00:00Z,2026-06-14T15:00:00Z,AME,DSL,CON014,Outbound,Truck,5368.85,Completed,12,Pump availability,2026-06-15T04:49:00Z
MOV0364,2026-06-09T03:00:00Z,2026-06-09T01:00:00Z,AME,BDL,CON006,TankTransfer,Barge,6004.96,Completed,2,Berth congestion,2026-06-09T04:34:00Z
MOV0365,2026-06-13T02:00:00Z,2026-06-13T02:00:00Z,ROT,BDL,CON013,TankTransfer,Barge,1865.61,Completed,0,None,2026-06-13T03:08:00Z
MOV0366,2026-06-08T01:00:00Z,2026-06-08T01:00:00Z,AME,BDL,CON005,TankTransfer,Barge,2284.97,Completed,0,None,2026-06-08T02:50:00Z
MOV0367,2026-06-10T12:00:00Z,2026-06-10T12:00:00Z,HAM,MGO,CON011,Outbound,Vessel,2489.09,Completed,0,None,2026-06-10T12:37:00Z
MOV0368,2026-06-01T00:00:00Z,2026-06-01T00:00:00Z,AMW,BDL,CON004,Blending,Barge,3394.53,Planned,0,None,2026-06-01T01:08:00Z
MOV0369,2026-06-08T17:00:00Z,2026-06-08T11:00:00Z,ROT,BDL,CON013,Blending,Barge,1260.71,Completed,6,Inspection hold,2026-06-08T17:14:00Z
MOV0370,2026-06-07T06:00:00Z,2026-06-07T06:00:00Z,AME,BDL,CON002,Inbound,Vessel,2890.38,Completed,0,None,2026-06-07T06:26:00Z
MOV0371,2026-06-04T10:00:00Z,2026-06-04T10:00:00Z,ROT,BDL,CON013,Inbound,Truck,4602.85,Planned,0,None,2026-06-04T11:35:00Z
MOV0372,2026-06-10T04:00:00Z,2026-06-10T04:00:00Z,ALG,ETH,CON001,Blending,Barge,5054.88,Completed,0,None,2026-06-10T04:17:00Z
MOV0373,2026-06-05T10:00:00Z,2026-06-05T09:00:00Z,HAM,MGO,CON011,TankTransfer,Truck,3569.6,Completed,1,Customer nomination change,2026-06-05T10:17:00Z
MOV0374,2026-06-09T21:00:00Z,2026-06-09T09:00:00Z,AME,BDL,CON002,TankTransfer,Vessel,1651.92,Planned,12,Berth congestion,2026-06-09T21:42:00Z
MOV0375,2026-06-05T06:00:00Z,2026-06-05T06:00:00Z,HAM,METH,CON016,Outbound,Truck,693.02,Completed,0,None,2026-06-05T07:05:00Z
MOV0376,2026-06-07T19:00:00Z,2026-06-07T13:00:00Z,AMW,BDL,CON004,TankTransfer,Vessel,4032.08,Planned,6,Customer nomination change,2026-06-07T19:52:00Z
MOV0377,2026-06-08T21:00:00Z,2026-06-08T21:00:00Z,ROT,BDL,CON013,TankTransfer,Pipeline,3843.31,Planned,0,None,2026-06-08T21:38:00Z
MOV0378,2026-06-06T17:00:00Z,2026-06-06T17:00:00Z,ROT,ETH,CON008,Inbound,Vessel,1633.48,Completed,0,None,2026-06-06T18:48:00Z
MOV0379,2026-06-13T14:00:00Z,2026-06-13T13:00:00Z,AME,DSL,CON014,Blending,Pipeline,4652.01,Planned,1,Pump availability,2026-06-13T15:57:00Z
MOV0380,2026-06-11T05:00:00Z,2026-06-11T03:00:00Z,ROT,ETH,CON008,Inbound,Barge,1092.16,Completed,2,Inspection hold,2026-06-11T05:27:00Z
MOV0381,2026-06-05T13:00:00Z,2026-06-05T12:00:00Z,AME,BDL,CON006,Blending,Vessel,1446.39,Planned,1,Customer nomination change,2026-06-05T14:50:00Z
MOV0382,2026-06-13T18:00:00Z,2026-06-13T16:00:00Z,AME,BDL,CON005,Inbound,Vessel,2898.12,Planned,2,Pump availability,2026-06-13T18:55:00Z
MOV0383,2026-06-07T09:00:00Z,2026-06-06T21:00:00Z,HAM,MGO,CON011,Inbound,Pipeline,7378.71,Completed,12,Inspection hold,2026-06-07T09:24:00Z
MOV0384,2026-06-13T02:00:00Z,2026-06-13T02:00:00Z,AME,BDL,CON005,Inbound,Truck,7436.96,Completed,0,None,2026-06-13T03:57:00Z
MOV0385,2026-06-06T21:00:00Z,2026-06-06T15:00:00Z,AME,DSL,CON014,Blending,Vessel,5410.91,Completed,6,Weather,2026-06-06T21:56:00Z
MOV0386,2026-06-14T10:00:00Z,2026-06-14T04:00:00Z,AME,BDL,CON005,TankTransfer,Barge,790.87,Completed,6,Inspection hold,2026-06-14T10:39:00Z
MOV0387,2026-06-01T14:00:00Z,2026-06-01T10:00:00Z,TER,DSL,CON012,TankTransfer,Truck,6630.39,Completed,4,Inspection hold,2026-06-01T15:54:00Z
MOV0388,2026-06-05T20:00:00Z,2026-06-05T20:00:00Z,AMW,BDL,CON004,Blending,Truck,2753.6,Completed,0,None,2026-06-05T21:38:00Z
MOV0389,2026-06-13T21:00:00Z,2026-06-13T21:00:00Z,AME,DSL,CON014,Outbound,Pipeline,1909.52,Planned,0,None,2026-06-13T22:42:00Z
MOV0390,2026-06-08T23:00:00Z,2026-06-08T23:00:00Z,AMW,SAF,CON017,Outbound,Vessel,4364.52,Completed,0,None,2026-06-09T00:35:00Z
MOV0391,2026-06-09T14:00:00Z,2026-06-09T14:00:00Z,AMW,SAF,CON017,Inbound,Barge,6353.87,Completed,0,None,2026-06-09T15:57:00Z
MOV0392,2026-06-02T06:00:00Z,2026-06-02T05:00:00Z,GHE,MGO,CON007,Inbound,Truck,748.03,Completed,1,Weather,2026-06-02T06:52:00Z
MOV0393,2026-06-12T00:00:00Z,2026-06-11T18:00:00Z,TER,SAF,CON015,Inbound,Vessel,5265.57,Completed,6,Weather,2026-06-12T01:07:00Z
MOV0394,2026-06-05T06:00:00Z,2026-06-04T18:00:00Z,TER,SAF,CON015,TankTransfer,Truck,4901.6,Completed,12,Weather,2026-06-05T07:40:00Z
MOV0395,2026-06-07T01:00:00Z,2026-06-07T01:00:00Z,GHE,SAF,CON003,Outbound,Barge,3399.24,Completed,0,None,2026-06-07T02:27:00Z
MOV0396,2026-06-05T11:00:00Z,2026-06-05T09:00:00Z,ROT,ETH,CON008,Inbound,Vessel,5386.9,Planned,2,Customer nomination change,2026-06-05T12:27:00Z
MOV0397,2026-06-13T19:00:00Z,2026-06-13T19:00:00Z,AME,BDL,CON006,TankTransfer,Truck,2178.28,Planned,0,None,2026-06-13T20:59:00Z
MOV0398,2026-06-08T22:00:00Z,2026-06-08T10:00:00Z,ROT,BDL,CON013,Blending,Truck,2389.99,Planned,12,Pump availability,2026-06-08T22:18:00Z
MOV0399,2026-06-12T01:00:00Z,2026-06-11T21:00:00Z,ALG,ETH,CON001,TankTransfer,Truck,4710.93,Completed,4,Inspection hold,2026-06-12T01:13:00Z
MOV0400,2026-06-07T01:00:00Z,2026-06-06T21:00:00Z,HAM,MGO,CON011,TankTransfer,Truck,6961.19,Completed,4,Customer nomination change,2026-06-07T02:11:00Z
MOV0401,2026-06-02T11:00:00Z,2026-06-02T05:00:00Z,ROT,ETH,CON008,Outbound,Vessel,5453.98,Planned,6,Weather,2026-06-02T11:38:00Z
MOV0402,2026-06-09T21:00:00Z,2026-06-09T15:00:00Z,AME,DSL,CON014,Outbound,Truck,6025.49,Completed,6,Pump availability,2026-06-09T22:26:00Z
MOV0403,2026-06-08T17:00:00Z,2026-06-08T15:00:00Z,HAM,METH,CON016,Outbound,Truck,6840.64,Completed,2,Inspection hold,2026-06-08T17:21:00Z
MOV0404,2026-06-12T22:00:00Z,2026-06-12T22:00:00Z,AME,DSL,CON009,TankTransfer,Vessel,7601.93,Completed,0,None,2026-06-12T22:50:00Z
MOV0405,2026-06-07T19:00:00Z,2026-06-07T13:00:00Z,ROT,ETH,CON008,TankTransfer,Truck,6410.68,Completed,6,Pump availability,2026-06-07T19:42:00Z
MOV0406,2026-06-04T00:00:00Z,2026-06-03T12:00:00Z,TER,SAF,CON015,Inbound,Pipeline,902.58,Completed,12,Pump availability,2026-06-04T00:20:00Z
MOV0407,2026-06-12T09:00:00Z,2026-06-12T07:00:00Z,ROT,BDL,CON013,Outbound,Barge,3598.3,Completed,2,Weather,2026-06-12T09:57:00Z
MOV0408,2026-06-04T05:00:00Z,2026-06-04T01:00:00Z,TER,SAF,CON015,Outbound,Vessel,6967.95,Planned,4,Weather,2026-06-04T06:25:00Z
MOV0409,2026-06-07T16:00:00Z,2026-06-07T16:00:00Z,AME,BDL,CON006,TankTransfer,Barge,535.35,Completed,0,None,2026-06-07T17:18:00Z
MOV0410,2026-06-11T10:00:00Z,2026-06-11T10:00:00Z,AME,BDL,CON006,Blending,Pipeline,1470.54,Planned,0,None,2026-06-11T10:59:00Z
MOV0411,2026-06-09T04:00:00Z,2026-06-09T04:00:00Z,HAM,METH,CON016,Outbound,Truck,782.94,Completed,0,None,2026-06-09T05:59:00Z
MOV0412,2026-06-12T08:00:00Z,2026-06-12T07:00:00Z,HAM,MGO,CON011,Inbound,Barge,634.37,Completed,1,Weather,2026-06-12T08:44:00Z
MOV0413,2026-06-03T10:00:00Z,2026-06-03T04:00:00Z,AME,BDL,CON005,TankTransfer,Barge,4275.02,Completed,6,Berth congestion,2026-06-03T10:43:00Z
MOV0414,2026-06-10T21:00:00Z,2026-06-10T17:00:00Z,GHE,METH,CON010,Outbound,Truck,3752.49,Planned,4,Weather,2026-06-10T22:41:00Z
MOV0415,2026-06-04T18:00:00Z,2026-06-04T12:00:00Z,GHE,MGO,CON007,Outbound,Barge,643.44,Completed,6,Berth congestion,2026-06-04T19:20:00Z
MOV0416,2026-06-04T14:00:00Z,2026-06-04T14:00:00Z,AMW,SAF,CON017,Inbound,Pipeline,3249.44,Completed,0,None,2026-06-04T15:43:00Z
MOV0417,2026-06-13T16:00:00Z,2026-06-13T16:00:00Z,AME,BDL,CON002,Inbound,Vessel,5464.77,Completed,0,None,2026-06-13T16:58:00Z
MOV0418,2026-06-09T02:00:00Z,2026-06-09T02:00:00Z,TER,SAF,CON015,Blending,Barge,4604.62,Completed,0,None,2026-06-09T03:33:00Z
MOV0419,2026-06-07T16:00:00Z,2026-06-07T10:00:00Z,ALG,ETH,CON001,TankTransfer,Barge,5462.48,Planned,6,Berth congestion,2026-06-07T17:10:00Z
MOV0420,2026-06-07T00:00:00Z,2026-06-07T00:00:00Z,AMW,BDL,CON004,Blending,Barge,6385.7,Completed,0,None,2026-06-07T01:44:00Z
MOV0421,2026-06-12T04:00:00Z,2026-06-12T03:00:00Z,AME,DSL,CON009,Blending,Truck,3184.41,Completed,1,Berth congestion,2026-06-12T05:15:00Z
MOV0422,2026-06-05T22:00:00Z,2026-06-05T10:00:00Z,HAM,METH,CON016,Inbound,Vessel,2979.53,Completed,12,Berth congestion,2026-06-05T23:51:00Z
MOV0423,2026-06-04T04:00:00Z,2026-06-04T04:00:00Z,HAM,METH,CON016,Inbound,Vessel,6346.45,Completed,0,None,2026-06-04T05:27:00Z
MOV0424,2026-06-10T19:00:00Z,2026-06-10T17:00:00Z,ROT,ETH,CON008,Inbound,Vessel,2480.94,Completed,2,Berth congestion,2026-06-10T20:54:00Z
MOV0425,2026-06-08T20:00:00Z,2026-06-08T16:00:00Z,GHE,METH,CON010,Inbound,Vessel,3694.96,Completed,4,Berth congestion,2026-06-08T21:54:00Z
MOV0426,2026-06-14T19:00:00Z,2026-06-14T19:00:00Z,AME,BDL,CON005,Blending,Truck,2964.96,Completed,0,None,2026-06-14T19:52:00Z
MOV0427,2026-06-04T21:00:00Z,2026-06-04T21:00:00Z,HAM,MGO,CON011,Blending,Truck,3505.83,Planned,0,None,2026-06-04T22:33:00Z
MOV0428,2026-06-09T23:00:00Z,2026-06-09T23:00:00Z,HAM,METH,CON016,Inbound,Barge,1347.92,Completed,0,None,2026-06-09T23:58:00Z
MOV0429,2026-06-13T15:00:00Z,2026-06-13T03:00:00Z,HAM,METH,CON016,Blending,Truck,1859.45,Completed,12,Customer nomination change,2026-06-13T16:06:00Z
MOV0430,2026-06-03T15:00:00Z,2026-06-03T09:00:00Z,HAM,METH,CON016,Inbound,Truck,3805.16,Completed,6,Berth congestion,2026-06-03T16:35:00Z
MOV0431,2026-06-13T08:00:00Z,2026-06-13T07:00:00Z,AMW,SAF,CON017,TankTransfer,Vessel,7834.22,Planned,1,Customer nomination change,2026-06-13T09:06:00Z
MOV0432,2026-06-14T22:00:00Z,2026-06-14T16:00:00Z,TER,DSL,CON012,Inbound,Vessel,1614.91,Completed,6,Pump availability,2026-06-14T23:53:00Z
MOV0433,2026-06-11T13:00:00Z,2026-06-11T13:00:00Z,HAM,METH,CON016,Blending,Truck,1061.49,Completed,0,None,2026-06-11T13:47:00Z
MOV0434,2026-06-02T02:00:00Z,2026-06-02T01:00:00Z,AME,DSL,CON009,Blending,Pipeline,4628.72,Completed,1,Berth congestion,2026-06-02T03:03:00Z
MOV0435,2026-06-13T17:00:00Z,2026-06-13T05:00:00Z,TER,SAF,CON015,Blending,Pipeline,1160.15,Completed,12,Berth congestion,2026-06-13T18:08:00Z
MOV0436,2026-06-03T10:00:00Z,2026-06-03T04:00:00Z,ALG,ETH,CON001,Inbound,Vessel,3592.54,Completed,6,Pump availability,2026-06-03T11:16:00Z
MOV0437,2026-06-15T11:00:00Z,2026-06-14T23:00:00Z,GHE,MGO,CON007,TankTransfer,Vessel,7627.66,Completed,12,Inspection hold,2026-06-15T11:47:00Z
MOV0438,2026-06-15T04:00:00Z,2026-06-15T00:00:00Z,HAM,METH,CON016,Inbound,Vessel,5869.35,Completed,4,Berth congestion,2026-06-15T04:48:00Z
MOV0439,2026-06-14T14:00:00Z,2026-06-14T12:00:00Z,TER,DSL,CON012,TankTransfer,Vessel,4607.68,Completed,2,Customer nomination change,2026-06-14T15:08:00Z
MOV0440,2026-06-09T17:00:00Z,2026-06-09T17:00:00Z,AME,BDL,CON005,Outbound,Barge,2407.17,Completed,0,None,2026-06-09T18:54:00Z
MOV0441,2026-06-06T02:00:00Z,2026-06-05T14:00:00Z,ROT,BDL,CON013,Outbound,Truck,6684.16,Completed,12,Inspection hold,2026-06-06T02:10:00Z
MOV0442,2026-06-11T02:00:00Z,2026-06-10T14:00:00Z,AMW,BDL,CON004,Outbound,Pipeline,5438.43,Completed,12,Pump availability,2026-06-11T03:39:00Z
MOV0443,2026-06-13T01:00:00Z,2026-06-12T19:00:00Z,AME,BDL,CON002,Blending,Barge,6791.12,Completed,6,Customer nomination change,2026-06-13T01:18:00Z
MOV0444,2026-06-15T04:00:00Z,2026-06-15T00:00:00Z,ROT,BDL,CON013,Blending,Pipeline,4280.83,Completed,4,Weather,2026-06-15T04:55:00Z
MOV0445,2026-06-07T18:00:00Z,2026-06-07T06:00:00Z,HAM,MGO,CON011,Outbound,Pipeline,6535.98,Completed,12,Pump availability,2026-06-07T19:55:00Z
MOV0446,2026-06-12T20:00:00Z,2026-06-12T19:00:00Z,HAM,MGO,CON011,TankTransfer,Truck,2006.67,Completed,1,Customer nomination change,2026-06-12T21:09:00Z
MOV0447,2026-06-03T15:00:00Z,2026-06-03T11:00:00Z,HAM,MGO,CON011,Blending,Truck,4717.1,Planned,4,Berth congestion,2026-06-03T16:11:00Z
MOV0448,2026-06-01T18:00:00Z,2026-06-01T12:00:00Z,AMW,BDL,CON004,Inbound,Barge,1589.95,Completed,6,Customer nomination change,2026-06-01T18:41:00Z
MOV0449,2026-06-04T02:00:00Z,2026-06-04T02:00:00Z,AME,DSL,CON009,TankTransfer,Barge,5679.46,Completed,0,None,2026-06-04T02:50:00Z
MOV0450,2026-06-03T05:00:00Z,2026-06-03T04:00:00Z,TER,SAF,CON015,Blending,Barge,6068.1,Completed,1,Berth congestion,2026-06-03T05:53:00Z
MOV0451,2026-06-10T01:00:00Z,2026-06-09T21:00:00Z,ROT,BDL,CON013,Inbound,Vessel,7743.75,Completed,4,Customer nomination change,2026-06-10T02:24:00Z
MOV0452,2026-06-05T23:00:00Z,2026-06-05T19:00:00Z,TER,SAF,CON015,Outbound,Barge,6163.31,Completed,4,Inspection hold,2026-06-05T23:27:00Z
MOV0453,2026-06-04T23:00:00Z,2026-06-04T23:00:00Z,GHE,SAF,CON003,Inbound,Pipeline,6013.1,Completed,0,None,2026-06-04T23:59:00Z
MOV0454,2026-06-12T22:00:00Z,2026-06-12T20:00:00Z,AME,DSL,CON009,TankTransfer,Vessel,1475.5,Completed,2,Inspection hold,2026-06-12T23:35:00Z
MOV0455,2026-06-01T20:00:00Z,2026-06-01T20:00:00Z,AME,BDL,CON005,Inbound,Truck,7464.71,Planned,0,None,2026-06-01T21:46:00Z
MOV0456,2026-06-02T17:00:00Z,2026-06-02T13:00:00Z,TER,DSL,CON012,Outbound,Vessel,4440.46,Completed,4,Inspection hold,2026-06-02T18:14:00Z
MOV0457,2026-06-03T03:00:00Z,2026-06-02T23:00:00Z,ROT,BDL,CON013,Outbound,Truck,2158.99,Completed,4,Weather,2026-06-03T03:42:00Z
MOV0458,2026-06-14T16:00:00Z,2026-06-14T04:00:00Z,GHE,MGO,CON007,Inbound,Vessel,7974.73,Completed,12,Inspection hold,2026-06-14T16:35:00Z
MOV0459,2026-06-02T00:00:00Z,2026-06-01T20:00:00Z,ROT,ETH,CON008,Inbound,Pipeline,3360.29,Completed,4,Pump availability,2026-06-02T01:37:00Z
MOV0460,2026-06-01T16:00:00Z,2026-06-01T12:00:00Z,GHE,METH,CON010,Blending,Pipeline,4357.32,Completed,4,Weather,2026-06-01T17:59:00Z
MOV0461,2026-06-07T20:00:00Z,2026-06-07T20:00:00Z,GHE,MGO,CON007,Outbound,Vessel,7611.59,Completed,0,None,2026-06-07T20:31:00Z
MOV0462,2026-06-10T01:00:00Z,2026-06-10T01:00:00Z,GHE,MGO,CON007,Blending,Vessel,2041.85,Completed,0,None,2026-06-10T01:08:00Z
MOV0463,2026-06-08T01:00:00Z,2026-06-08T01:00:00Z,TER,SAF,CON015,Inbound,Barge,1156.41,Completed,0,None,2026-06-08T02:16:00Z
MOV0464,2026-06-13T07:00:00Z,2026-06-13T06:00:00Z,GHE,SAF,CON003,Blending,Pipeline,7332.4,Planned,1,Inspection hold,2026-06-13T08:00:00Z
MOV0465,2026-06-01T14:00:00Z,2026-06-01T08:00:00Z,HAM,MGO,CON011,Inbound,Vessel,5549.74,Completed,6,Berth congestion,2026-06-01T14:50:00Z
MOV0466,2026-06-03T08:00:00Z,2026-06-03T06:00:00Z,AMW,SAF,CON017,TankTransfer,Vessel,6401.69,Completed,2,Inspection hold,2026-06-03T08:53:00Z
MOV0467,2026-06-02T03:00:00Z,2026-06-01T15:00:00Z,ROT,BDL,CON013,Outbound,Barge,1672.43,Planned,12,Pump availability,2026-06-02T03:42:00Z
MOV0468,2026-06-07T12:00:00Z,2026-06-07T08:00:00Z,AME,BDL,CON005,Inbound,Barge,7680.44,Completed,4,Berth congestion,2026-06-07T12:05:00Z
MOV0469,2026-06-12T11:00:00Z,2026-06-12T11:00:00Z,ROT,BDL,CON013,TankTransfer,Barge,2785.18,Planned,0,None,2026-06-12T13:00:00Z
MOV0470,2026-06-04T00:00:00Z,2026-06-04T00:00:00Z,AMW,SAF,CON017,TankTransfer,Barge,1879.95,Completed,0,None,2026-06-04T00:28:00Z
MOV0471,2026-06-13T05:00:00Z,2026-06-12T17:00:00Z,AME,BDL,CON002,Inbound,Truck,5335.06,Completed,12,Weather,2026-06-13T05:17:00Z
MOV0472,2026-06-13T21:00:00Z,2026-06-13T09:00:00Z,GHE,MGO,CON007,TankTransfer,Barge,7636.55,Completed,12,Berth congestion,2026-06-13T21:41:00Z
MOV0473,2026-06-05T07:00:00Z,2026-06-05T03:00:00Z,GHE,SAF,CON003,TankTransfer,Truck,4143.96,Completed,4,Pump availability,2026-06-05T08:17:00Z
MOV0474,2026-06-07T23:00:00Z,2026-06-07T17:00:00Z,TER,DSL,CON012,TankTransfer,Barge,1764.8,Completed,6,Inspection hold,2026-06-07T23:40:00Z
MOV0475,2026-06-04T00:00:00Z,2026-06-03T20:00:00Z,TER,DSL,CON012,Blending,Pipeline,7084.14,Completed,4,Weather,2026-06-04T01:07:00Z
MOV0476,2026-06-04T17:00:00Z,2026-06-04T17:00:00Z,AMW,BDL,CON004,Outbound,Barge,6813.45,Completed,0,None,2026-06-04T18:38:00Z
MOV0477,2026-06-02T14:00:00Z,2026-06-02T14:00:00Z,GHE,SAF,CON003,Inbound,Pipeline,6871.9,Completed,0,None,2026-06-02T14:09:00Z
MOV0478,2026-06-13T02:00:00Z,2026-06-12T14:00:00Z,AME,DSL,CON009,Outbound,Truck,5404.31,Planned,12,Customer nomination change,2026-06-13T03:59:00Z
MOV0479,2026-06-04T08:00:00Z,2026-06-03T20:00:00Z,GHE,METH,CON010,Inbound,Pipeline,4258.42,Completed,12,Pump availability,2026-06-04T08:06:00Z
MOV0480,2026-06-14T02:00:00Z,2026-06-14T02:00:00Z,ROT,ETH,CON008,Outbound,Pipeline,6179.05,Completed,0,None,2026-06-14T02:27:00Z
MOV0481,2026-06-11T11:00:00Z,2026-06-11T07:00:00Z,AME,BDL,CON005,Blending,Barge,803.15,Completed,4,Weather,2026-06-11T11:52:00Z
MOV0482,2026-06-01T22:00:00Z,2026-06-01T21:00:00Z,ROT,ETH,CON008,TankTransfer,Pipeline,4384.14,Planned,1,Inspection hold,2026-06-01T23:57:00Z
MOV0483,2026-06-02T00:00:00Z,2026-06-01T20:00:00Z,AME,BDL,CON002,TankTransfer,Truck,1274.19,Completed,4,Inspection hold,2026-06-02T01:28:00Z
MOV0484,2026-06-08T19:00:00Z,2026-06-08T19:00:00Z,ROT,BDL,CON013,Blending,Barge,4374.97,Planned,0,None,2026-06-08T19:50:00Z
MOV0485,2026-06-11T21:00:00Z,2026-06-11T09:00:00Z,TER,DSL,CON012,Inbound,Barge,7153.79,Planned,12,Customer nomination change,2026-06-11T21:34:00Z
MOV0486,2026-06-12T01:00:00Z,2026-06-11T23:00:00Z,GHE,SAF,CON003,Outbound,Barge,2086.38,Completed,2,Pump availability,2026-06-12T02:36:00Z
MOV0487,2026-06-06T03:00:00Z,2026-06-05T21:00:00Z,AMW,BDL,CON004,Inbound,Pipeline,6583.79,Planned,6,Inspection hold,2026-06-06T03:31:00Z
MOV0488,2026-06-15T01:00:00Z,2026-06-14T19:00:00Z,AME,BDL,CON006,Inbound,Barge,668.35,Completed,6,Customer nomination change,2026-06-15T02:25:00Z
MOV0489,2026-06-01T20:00:00Z,2026-06-01T20:00:00Z,AMW,SAF,CON017,TankTransfer,Barge,919.34,Planned,0,None,2026-06-01T21:21:00Z
MOV0490,2026-06-07T01:00:00Z,2026-06-07T01:00:00Z,ALG,ETH,CON001,Blending,Pipeline,2124.45,Completed,0,None,2026-06-07T01:33:00Z
MOV0491,2026-06-13T19:00:00Z,2026-06-13T19:00:00Z,AME,DSL,CON014,Outbound,Truck,6459.62,Completed,0,None,2026-06-13T20:37:00Z
MOV0492,2026-06-10T16:00:00Z,2026-06-10T16:00:00Z,HAM,MGO,CON011,Blending,Barge,2223.6,Completed,0,None,2026-06-10T16:07:00Z
MOV0493,2026-06-12T09:00:00Z,2026-06-12T03:00:00Z,GHE,MGO,CON007,Inbound,Barge,6698.86,Planned,6,Pump availability,2026-06-12T10:21:00Z
MOV0494,2026-06-12T08:00:00Z,2026-06-12T08:00:00Z,AME,BDL,CON002,Outbound,Vessel,1198.92,Planned,0,None,2026-06-12T09:11:00Z
MOV0495,2026-06-08T21:00:00Z,2026-06-08T21:00:00Z,AME,DSL,CON014,Blending,Barge,5732.32,Planned,0,None,2026-06-08T22:46:00Z
MOV0496,2026-06-08T11:00:00Z,2026-06-08T11:00:00Z,ROT,BDL,CON013,TankTransfer,Pipeline,3691.17,Completed,0,None,2026-06-08T12:54:00Z
MOV0497,2026-06-07T07:00:00Z,2026-06-07T01:00:00Z,GHE,SAF,CON003,Inbound,Vessel,2433.54,Completed,6,Pump availability,2026-06-07T07:05:00Z
MOV0498,2026-06-15T00:00:00Z,2026-06-14T23:00:00Z,ROT,BDL,CON013,TankTransfer,Pipeline,5658.25,Completed,1,Berth congestion,2026-06-15T00:24:00Z
MOV0499,2026-06-14T23:00:00Z,2026-06-14T21:00:00Z,AME,DSL,CON014,Blending,Truck,2459.77,Completed,2,Inspection hold,2026-06-15T00:41:00Z
MOV0500,2026-06-10T07:00:00Z,2026-06-09T19:00:00Z,GHE,MGO,CON007,Blending,Truck,1840.4,Completed,12,Pump availability,2026-06-10T07:49:00Z
